id,name,category,category_slug,subcategory,subcategory_slug,image,thumbnail,width,height,sha256
001,三分法构图,构图逻辑,01-composition-logic,经典法则与空间留白,classic-rules,v2/images/01-composition-logic/001-三分法构图.png,v2/thumbnails/01-composition-logic/001-三分法构图.jpg,1086,1448,4edf0f2af2f3fcfc757f2e0f742818951806d93d59696bfdf4cb5cc41e008ffb
002,黄金比例构图,构图逻辑,01-composition-logic,经典法则与空间留白,classic-rules,v2/images/01-composition-logic/002-黄金比例构图.png,v2/thumbnails/01-composition-logic/002-黄金比例构图.jpg,1086,1448,5dcf448eb79e80aaaa30467f35bdc6ea07a0b63e67ef13beac013d3ae6ca76ff
003,黄金螺旋构图,构图逻辑,01-composition-logic,经典法则与空间留白,classic-rules,v2/images/01-composition-logic/003-黄金螺旋构图.png,v2/thumbnails/01-composition-logic/003-黄金螺旋构图.jpg,1086,1448,f7c1d51fe8b457850fbbb9549097d3dfd70f442e280271c5a233a27c5242ea20
004,黄金三角构图,构图逻辑,01-composition-logic,经典法则与空间留白,classic-rules,v2/images/01-composition-logic/004-黄金三角构图.png,v2/thumbnails/01-composition-logic/004-黄金三角构图.jpg,1086,1448,a24516bfc59dadaf6130574b774b237562042b957066d99f7f04797ca226efb1
005,对角线法构图,构图逻辑,01-composition-logic,经典法则与空间留白,classic-rules,v2/images/01-composition-logic/005-对角线法构图.png,v2/thumbnails/01-composition-logic/005-对角线法构图.jpg,1086,1448,ddc2fda1b139e87cbfc8836d780230d613b47725b01ec777c1d5d3b45d4a5356
006,矩形折入法构图,构图逻辑,01-composition-logic,经典法则与空间留白,classic-rules,v2/images/01-composition-logic/006-矩形折入法构图.png,v2/thumbnails/01-composition-logic/006-矩形折入法构图.jpg,1086,1448,c46f60abd1f603ef654635ff517d9230b7bdb0d09eb26b57ef1069f42284905f
007,奇数法则构图,构图逻辑,01-composition-logic,经典法则与空间留白,classic-rules,v2/images/01-composition-logic/007-奇数法则构图.png,v2/thumbnails/01-composition-logic/007-奇数法则构图.jpg,1086,1448,c0364e4a1d2468a81b170a80f4918d3d50cab03a5d1a9e9dac2da773470e0a8a
008,空间法则构图,构图逻辑,01-composition-logic,经典法则与空间留白,classic-rules,v2/images/01-composition-logic/008-空间法则构图.png,v2/thumbnails/01-composition-logic/008-空间法则构图.jpg,1086,1448,1115bb83d771d9694a0b0b3995f776ef66a742d82229f372066eaa992450f4a9
009,视线空间构图,构图逻辑,01-composition-logic,经典法则与空间留白,classic-rules,v2/images/01-composition-logic/009-视线空间构图.png,v2/thumbnails/01-composition-logic/009-视线空间构图.jpg,1086,1448,3d0c227214501892a69cdb449daa77981a046f1e6165232565e4f3b3d63b043a
010,运动空间构图,构图逻辑,01-composition-logic,经典法则与空间留白,classic-rules,v2/images/01-composition-logic/010-运动空间构图.png,v2/thumbnails/01-composition-logic/010-运动空间构图.jpg,1086,1448,1bfe27387c93c192da037fd95b61413de25750d73e7c8eac598968c030d9dd40
011,头部空间构图,构图逻辑,01-composition-logic,经典法则与空间留白,classic-rules,v2/images/01-composition-logic/011-头部空间构图.png,v2/thumbnails/01-composition-logic/011-头部空间构图.jpg,1086,1448,313f399184c52e109b40d819d0c6d9e79905cd024f6cfd204c3a1366f7e1bf17
012,填满画面构图,构图逻辑,01-composition-logic,经典法则与空间留白,classic-rules,v2/images/01-composition-logic/012-填满画面构图.png,v2/thumbnails/01-composition-logic/012-填满画面构图.jpg,1086,1448,b9fc5d5c7e006b9e71065043afba5d7f5d62f4b4c8907c6e44d850e79f517a6e
013,负空间构图,构图逻辑,01-composition-logic,经典法则与空间留白,classic-rules,v2/images/01-composition-logic/013-负空间构图.png,v2/thumbnails/01-composition-logic/013-负空间构图.jpg,1086,1448,48f59ab6f31a7a5f38ff46b484f13b6e4628fae1fbb67af9490c106a2e349c93
014,框中框构图,构图逻辑,01-composition-logic,经典法则与空间留白,classic-rules,v2/images/01-composition-logic/014-框中框构图.png,v2/thumbnails/01-composition-logic/014-框中框构图.jpg,1086,1448,8005648acad84892a6fe9ac17e5ac54bb7b6d12f08dd745bcdcee3febf5c9b2d
015,引导线构图,构图逻辑,01-composition-logic,经典法则与空间留白,classic-rules,v2/images/01-composition-logic/015-引导线构图.png,v2/thumbnails/01-composition-logic/015-引导线构图.jpg,1086,1448,5a29c2d7714fce0ad0e20df649f082b6082e6ee0021996d1f98ad97259ac42c2
016,居中构图,构图逻辑,01-composition-logic,重心、线条与轴线,balance-lines-axes,v2/images/01-composition-logic/016-居中构图.png,v2/thumbnails/01-composition-logic/016-居中构图.jpg,1086,1448,25698f98936fa3cea3fc093108ba12d762793bc97cf518fa1a74441b6ff4a502
017,偏心构图,构图逻辑,01-composition-logic,重心、线条与轴线,balance-lines-axes,v2/images/01-composition-logic/017-偏心构图.png,v2/thumbnails/01-composition-logic/017-偏心构图.jpg,1086,1448,a9a279cf76806cd1b96139e1a71414d249d5ab9ae423be927d90f24d76ac875b
018,对称构图,构图逻辑,01-composition-logic,重心、线条与轴线,balance-lines-axes,v2/images/01-composition-logic/018-对称构图.png,v2/thumbnails/01-composition-logic/018-对称构图.jpg,1086,1448,27839079cc735bf857f621a3e0461425cd1518755d634bbdb893bdeb523d58d0
019,非对称构图,构图逻辑,01-composition-logic,重心、线条与轴线,balance-lines-axes,v2/images/01-composition-logic/019-非对称构图.png,v2/thumbnails/01-composition-logic/019-非对称构图.jpg,1086,1448,046759568964009954ec41ad684c0ebe76f9860cad838d14a468c83ba93d58f6
020,镜像构图,构图逻辑,01-composition-logic,重心、线条与轴线,balance-lines-axes,v2/images/01-composition-logic/020-镜像构图.png,v2/thumbnails/01-composition-logic/020-镜像构图.jpg,1086,1448,b20b0fac8f34b92a3597d88428999b3a8a00c5d9f9ee9a5c8ad59629ae05bb4b
021,水平构图,构图逻辑,01-composition-logic,重心、线条与轴线,balance-lines-axes,v2/images/01-composition-logic/021-水平构图.png,v2/thumbnails/01-composition-logic/021-水平构图.jpg,1086,1448,74eb6d1f05a025da576e196a0a33a8801d4f2d1b4ea0cd9abf56599a6b96ef0d
022,垂直构图,构图逻辑,01-composition-logic,重心、线条与轴线,balance-lines-axes,v2/images/01-composition-logic/022-垂直构图.png,v2/thumbnails/01-composition-logic/022-垂直构图.jpg,1086,1448,1b06e830c861f21ce58ab11dd98a5c4fb0cf5bbc8ad863afe4df895c1972ed82
023,对角线构图,构图逻辑,01-composition-logic,重心、线条与轴线,balance-lines-axes,v2/images/01-composition-logic/023-对角线构图.png,v2/thumbnails/01-composition-logic/023-对角线构图.jpg,1086,1448,6105a438f4a46ec79bcda64c547126682eb115c37a0b49d30fdac83e621b22bc
024,平行线构图,构图逻辑,01-composition-logic,重心、线条与轴线,balance-lines-axes,v2/images/01-composition-logic/024-平行线构图.png,v2/thumbnails/01-composition-logic/024-平行线构图.jpg,1086,1448,b3ef20bc10016613f08ba1a09aeca71c8541ce4b78682fe74da4bf4e9addc7cf
025,汇聚线构图,构图逻辑,01-composition-logic,重心、线条与轴线,balance-lines-axes,v2/images/01-composition-logic/025-汇聚线构图.png,v2/thumbnails/01-composition-logic/025-汇聚线构图.jpg,1086,1448,7f450ab6e2c535b0732a406d408d6f040d4941b04094a9513f062c5d18857187
026,交叉线构图,构图逻辑,01-composition-logic,重心、线条与轴线,balance-lines-axes,v2/images/01-composition-logic/026-交叉线构图.png,v2/thumbnails/01-composition-logic/026-交叉线构图.jpg,1086,1448,c8c59dfa0211af0850639301f33c9d0c4cd02fb3e1dc50e442e9426b787aa44a
027,中轴构图,构图逻辑,01-composition-logic,重心、线条与轴线,balance-lines-axes,v2/images/01-composition-logic/027-中轴构图.png,v2/thumbnails/01-composition-logic/027-中轴构图.jpg,1086,1448,cde8ba60d631bb600be9c8f93faa0c71401ffb5dc2d96ee86d158f5f3e266d79
028,偏轴构图,构图逻辑,01-composition-logic,重心、线条与轴线,balance-lines-axes,v2/images/01-composition-logic/028-偏轴构图.png,v2/thumbnails/01-composition-logic/028-偏轴构图.jpg,1086,1448,8088933a671d7ac6f63a642a9622eb897570c8f70f53e8d609e68ad233792ff7
029,双轴构图,构图逻辑,01-composition-logic,重心、线条与轴线,balance-lines-axes,v2/images/01-composition-logic/029-双轴构图.png,v2/thumbnails/01-composition-logic/029-双轴构图.jpg,1086,1448,d3f4d4e219c3cbc4afd8b58cae74c90d6edbc4dd7120b9ceaa69ce0f5b0cdc75
030,十字构图,构图逻辑,01-composition-logic,重心、线条与轴线,balance-lines-axes,v2/images/01-composition-logic/030-十字构图.png,v2/thumbnails/01-composition-logic/030-十字构图.jpg,1086,1448,bffa62ab0277aca1f4ad016680ce672f2a0629d71341af5b3bece0ee4e3789f9
031,X 形构图,构图逻辑,01-composition-logic,字母形与曲线,letter-curves,v2/images/01-composition-logic/031-X 形构图.png,v2/thumbnails/01-composition-logic/031-X 形构图.jpg,1086,1448,3dcf011109881f2f5784f8a6551f3eab26882456df970671009d8b5c1dbd8c33
032,T 形构图,构图逻辑,01-composition-logic,字母形与曲线,letter-curves,v2/images/01-composition-logic/032-T 形构图.png,v2/thumbnails/01-composition-logic/032-T 形构图.jpg,1086,1448,44347cf8fec4faeb6bfcbb372a595ab40a2dd397a56c2bb4b4348fae4c03a842
033,L 形构图,构图逻辑,01-composition-logic,字母形与曲线,letter-curves,v2/images/01-composition-logic/033-L 形构图.png,v2/thumbnails/01-composition-logic/033-L 形构图.jpg,1086,1448,1ac5639d74de15e06754afc19fe397385e4cf2a3e8c1cf28e4586990555583dc
034,V 形构图,构图逻辑,01-composition-logic,字母形与曲线,letter-curves,v2/images/01-composition-logic/034-V 形构图.png,v2/thumbnails/01-composition-logic/034-V 形构图.jpg,1086,1448,a386b56bbf2a82d02f82a25b30205e7f20721e3c06c075171c553b9126e9eff4
035,Z 形构图,构图逻辑,01-composition-logic,字母形与曲线,letter-curves,v2/images/01-composition-logic/035-Z 形构图.png,v2/thumbnails/01-composition-logic/035-Z 形构图.jpg,1086,1448,06754defcb0de1434fde61e9277515a15c0358d1a22b0819fc99bc34a83b168b
036,C 形构图,构图逻辑,01-composition-logic,字母形与曲线,letter-curves,v2/images/01-composition-logic/036-C 形构图.png,v2/thumbnails/01-composition-logic/036-C 形构图.jpg,1086,1448,39cff5c76ed8d1316592be47d18eac7e0f2361bd208de91483216a604059a0d3
037,S 形构图,构图逻辑,01-composition-logic,字母形与曲线,letter-curves,v2/images/01-composition-logic/037-S 形构图.png,v2/thumbnails/01-composition-logic/037-S 形构图.jpg,1086,1448,0e913d20a18d2c5c03542e5fb77841255328b1c4917ecc1ef32ef751d2fcb8d4
038,曲线构图,构图逻辑,01-composition-logic,字母形与曲线,letter-curves,v2/images/01-composition-logic/038-曲线构图.png,v2/thumbnails/01-composition-logic/038-曲线构图.jpg,1086,1448,8ca75f197d76f5a1e304164fbe6527eef9104ba615542cf6ab61103728cbed1b
039,波浪形构图,构图逻辑,01-composition-logic,字母形与曲线,letter-curves,v2/images/01-composition-logic/039-波浪形构图.png,v2/thumbnails/01-composition-logic/039-波浪形构图.jpg,1086,1448,772d74653e22eab71774be1982ef57f907a3a65a75b45b85001c097baa3a2429
040,锯齿形构图,构图逻辑,01-composition-logic,字母形与曲线,letter-curves,v2/images/01-composition-logic/040-锯齿形构图.png,v2/thumbnails/01-composition-logic/040-锯齿形构图.jpg,1086,1448,adc75d57c91f64d1f6a969c7a264625ea8a551c4a79d3f2b14169cba801be271
041,三角构图,构图逻辑,01-composition-logic,几何形与放射结构,geometry-radial,v2/images/01-composition-logic/041-三角构图.png,v2/thumbnails/01-composition-logic/041-三角构图.jpg,1086,1448,0e5599bcfff5d1289ff7625e60cd2a14cee6e5e37dd82bd716a62f28397d4741
042,金字塔构图,构图逻辑,01-composition-logic,几何形与放射结构,geometry-radial,v2/images/01-composition-logic/042-金字塔构图.png,v2/thumbnails/01-composition-logic/042-金字塔构图.jpg,1086,1448,2f24b353f1c0387dcffa37f925d89c1229f66c3cd35c6b7d04df34225ddb777b
043,倒三角构图,构图逻辑,01-composition-logic,几何形与放射结构,geometry-radial,v2/images/01-composition-logic/043-倒三角构图.png,v2/thumbnails/01-composition-logic/043-倒三角构图.jpg,1086,1448,094988de88e93ce3d99d1f11b44490d93976b01581a0301844b3dc3842ad70ed
044,菱形构图,构图逻辑,01-composition-logic,几何形与放射结构,geometry-radial,v2/images/01-composition-logic/044-菱形构图.png,v2/thumbnails/01-composition-logic/044-菱形构图.jpg,1086,1448,4cfd96d1684d528ad6109462ba7decf952ade5490d64bb844e413024922838e3
045,方形构图,构图逻辑,01-composition-logic,几何形与放射结构,geometry-radial,v2/images/01-composition-logic/045-方形构图.png,v2/thumbnails/01-composition-logic/045-方形构图.jpg,1086,1448,4aedf5e4c0612297fc9280f4797c7a22a2da17f65272a5c455c123d4bebc1436
046,矩形构图,构图逻辑,01-composition-logic,几何形与放射结构,geometry-radial,v2/images/01-composition-logic/046-矩形构图.png,v2/thumbnails/01-composition-logic/046-矩形构图.jpg,1086,1448,18c1c45b7234e2b9b56e5eb3974404dc609b7320737df304c78092e5ce51e4e6
047,圆形构图,构图逻辑,01-composition-logic,几何形与放射结构,geometry-radial,v2/images/01-composition-logic/047-圆形构图.png,v2/thumbnails/01-composition-logic/047-圆形构图.jpg,1086,1448,35f52a8429e21d4dc38700c69222c02f087651282ba99f0802b6b036a5195344
048,椭圆构图,构图逻辑,01-composition-logic,几何形与放射结构,geometry-radial,v2/images/01-composition-logic/048-椭圆构图.png,v2/thumbnails/01-composition-logic/048-椭圆构图.jpg,1086,1448,6d7d6efbbbc85b62d04709430748a0485f8d85dadd5f91d8944108be697cc252
049,弧形构图,构图逻辑,01-composition-logic,几何形与放射结构,geometry-radial,v2/images/01-composition-logic/049-弧形构图.png,v2/thumbnails/01-composition-logic/049-弧形构图.jpg,1086,1448,e3578885b9af458c92492919b1167174dc1dbcafd9d6eeccb15f97824e6182e7
050,环形构图,构图逻辑,01-composition-logic,几何形与放射结构,geometry-radial,v2/images/01-composition-logic/050-环形构图.png,v2/thumbnails/01-composition-logic/050-环形构图.jpg,1086,1448,7d2a7973cd15c756b18614b79b566ea0827e40f509506154915ef2b0b0e696bb
051,螺旋构图,构图逻辑,01-composition-logic,几何形与放射结构,geometry-radial,v2/images/01-composition-logic/051-螺旋构图.png,v2/thumbnails/01-composition-logic/051-螺旋构图.jpg,1086,1448,690a7ab2e83d43aec2f8c13fb4d470830b420cc935afc42c7abf905ec61f209f
052,放射式构图,构图逻辑,01-composition-logic,几何形与放射结构,geometry-radial,v2/images/01-composition-logic/052-放射式构图.png,v2/thumbnails/01-composition-logic/052-放射式构图.jpg,1086,1448,0fc476e63304f209b8a62d3c08611e16d9605d127791aa09f2f8f47d2bfabf4b
053,向心式构图,构图逻辑,01-composition-logic,几何形与放射结构,geometry-radial,v2/images/01-composition-logic/053-向心式构图.png,v2/thumbnails/01-composition-logic/053-向心式构图.jpg,1086,1448,2328e966822df12b5a419b72c2f1e17ce20be1a7114552235b942b25e1b5ffb1
054,离心式构图,构图逻辑,01-composition-logic,几何形与放射结构,geometry-radial,v2/images/01-composition-logic/054-离心式构图.png,v2/thumbnails/01-composition-logic/054-离心式构图.jpg,1086,1448,29dbe4e3384fa473d89c7dc818b70b992f41cc22c6379a7a37536b78a0b84eb1
055,同心式构图,构图逻辑,01-composition-logic,几何形与放射结构,geometry-radial,v2/images/01-composition-logic/055-同心式构图.png,v2/thumbnails/01-composition-logic/055-同心式构图.jpg,1086,1448,5bb14bdcff7f2369d56c066e300c97862238cc4021424d09c46644154334f4b4
056,四象限构图,构图逻辑,01-composition-logic,几何形与放射结构,geometry-radial,v2/images/01-composition-logic/056-四象限构图.png,v2/thumbnails/01-composition-logic/056-四象限构图.jpg,1086,1448,fb211c4152ee9263881660aa8cbb3441e49861441187369ba20817a58b421da4
057,棋盘构图,构图逻辑,01-composition-logic,阵列、层叠与组群,pattern-grouping,v2/images/01-composition-logic/057-棋盘构图.png,v2/thumbnails/01-composition-logic/057-棋盘构图.jpg,1086,1448,07fbaf0484756b5571748d67b293adf7b808a69229a453fcf09ccbf567d4a8ae
058,阶梯构图,构图逻辑,01-composition-logic,阵列、层叠与组群,pattern-grouping,v2/images/01-composition-logic/058-阶梯构图.png,v2/thumbnails/01-composition-logic/058-阶梯构图.jpg,1086,1448,d347d6c93670314f2a5cb658205b603288130744b64a4ed3d3000a9c42664f01
059,层叠构图,构图逻辑,01-composition-logic,阵列、层叠与组群,pattern-grouping,v2/images/01-composition-logic/059-层叠构图.png,v2/thumbnails/01-composition-logic/059-层叠构图.jpg,1086,1448,41c8ac46fd0fe96524425ac0ffac9c2d10a0a2cce7a5c91e7602a55344046e61
060,级联构图,构图逻辑,01-composition-logic,阵列、层叠与组群,pattern-grouping,v2/images/01-composition-logic/060-级联构图.png,v2/thumbnails/01-composition-logic/060-级联构图.jpg,1086,1448,e29c559629b30a082053c9518fa6d628ff90f48f88efb140b9a9419fe8b1f053
061,聚类构图,构图逻辑,01-composition-logic,阵列、层叠与组群,pattern-grouping,v2/images/01-composition-logic/061-聚类构图.png,v2/thumbnails/01-composition-logic/061-聚类构图.jpg,1086,1448,2dd867b764f79197ec6f42446cf6dce1ce4291b000ce9952bd2d485df33dcf24
062,分散构图,构图逻辑,01-composition-logic,阵列、层叠与组群,pattern-grouping,v2/images/01-composition-logic/062-分散构图.png,v2/thumbnails/01-composition-logic/062-分散构图.jpg,1086,1448,e8d9fe94b507bdab8d25cb82dcb2ea58c38f7964e3faaa72bda3b2896c107a9e
063,分支构图,构图逻辑,01-composition-logic,阵列、层叠与组群,pattern-grouping,v2/images/01-composition-logic/063-分支构图.png,v2/thumbnails/01-composition-logic/063-分支构图.jpg,1086,1448,db67696d65c6b77e174c4c5bf9ee5411007906a2b53a5b39bfb929a12c21f22c
064,网络构图,构图逻辑,01-composition-logic,阵列、层叠与组群,pattern-grouping,v2/images/01-composition-logic/064-网络构图.png,v2/thumbnails/01-composition-logic/064-网络构图.jpg,1086,1448,42cd9a9294bd83e62d703deb73f5c03c91897a2047f538743338c9ae155a6c10
065,前中后景构图,构图逻辑,01-composition-logic,空间层次与投影,depth-projection,v2/images/01-composition-logic/065-前中后景构图.png,v2/thumbnails/01-composition-logic/065-前中后景构图.jpg,1086,1448,5d33729dd3817c48c8a43e6458f567a881e06af6a3d0b18a4f148c2666cf6d8e
066,前景框架构图,构图逻辑,01-composition-logic,空间层次与投影,depth-projection,v2/images/01-composition-logic/066-前景框架构图.png,v2/thumbnails/01-composition-logic/066-前景框架构图.jpg,1086,1448,3661189c5c9d4ff4aa21af8e51fe703ec3beb62cadc8599e4f83b79c846d9500
067,重叠空间构图,构图逻辑,01-composition-logic,空间层次与投影,depth-projection,v2/images/01-composition-logic/067-重叠空间构图.png,v2/thumbnails/01-composition-logic/067-重叠空间构图.jpg,1086,1448,6de9df5e016ae3ade1e8c202039e4974a3059d5fcea00306f4cdb0e96d0089cb
068,尺度递减构图,构图逻辑,01-composition-logic,空间层次与投影,depth-projection,v2/images/01-composition-logic/068-尺度递减构图.png,v2/thumbnails/01-composition-logic/068-尺度递减构图.jpg,1086,1448,9c90eab267be43cae577d121ed3f4e8b34b2b9ee2a593e0d73850c9688ae978d
069,线性透视,构图逻辑,01-composition-logic,空间层次与投影,depth-projection,v2/images/01-composition-logic/069-线性透视.png,v2/thumbnails/01-composition-logic/069-线性透视.jpg,1086,1448,718f62897cdca67b175f27362bde38be6d49393d41f4dc174eda9d529d854bb1
070,一点透视,构图逻辑,01-composition-logic,空间层次与投影,depth-projection,v2/images/01-composition-logic/070-一点透视.png,v2/thumbnails/01-composition-logic/070-一点透视.jpg,1086,1448,9e6ed0e7ea5b9dd43cb01e4b491638c22a189897f9ad402560a0056e7ab7d990
071,两点透视,构图逻辑,01-composition-logic,空间层次与投影,depth-projection,v2/images/01-composition-logic/071-两点透视.png,v2/thumbnails/01-composition-logic/071-两点透视.jpg,1086,1448,8da9f5e49952530b7a9eb0a489885b4fedfed52f1a930afc0917e9e6f4efd42d
072,三点透视,构图逻辑,01-composition-logic,空间层次与投影,depth-projection,v2/images/01-composition-logic/072-三点透视.png,v2/thumbnails/01-composition-logic/072-三点透视.jpg,1086,1448,69c0c2500a6db48f5ff7245dc5e40936a896c98d7a22cf23c8807a7334526107
073,平行透视构图,构图逻辑,01-composition-logic,空间层次与投影,depth-projection,v2/images/01-composition-logic/073-平行透视构图.png,v2/thumbnails/01-composition-logic/073-平行透视构图.jpg,1086,1448,493ca6807fee54fa8984e318ad84c1559e75fd0f761d9f56474ab011ee32322a
074,斜投影构图,构图逻辑,01-composition-logic,空间层次与投影,depth-projection,v2/images/01-composition-logic/074-斜投影构图.png,v2/thumbnails/01-composition-logic/074-斜投影构图.jpg,1086,1448,cfbdc9cbacf0d720e0f0d843627e353c4e8347751e44c0fdd9fcb6bcff38ad42
075,等距构图,构图逻辑,01-composition-logic,空间层次与投影,depth-projection,v2/images/01-composition-logic/075-等距构图.png,v2/thumbnails/01-composition-logic/075-等距构图.jpg,1086,1448,4afdc096fc5d8101d02cbb10190c9fd41aba1bd8de2dea68293761051482a1ab
076,轴测构图,构图逻辑,01-composition-logic,空间层次与投影,depth-projection,v2/images/01-composition-logic/076-轴测构图.png,v2/thumbnails/01-composition-logic/076-轴测构图.jpg,1086,1448,a3c713d76b2f7b9ae97e5d33ec4efb19d2c145090d74f8667711b938f231f19f
077,鸟瞰构图,构图逻辑,01-composition-logic,视点、景深与空间感,viewpoint-focus,v2/images/01-composition-logic/077-鸟瞰构图.png,v2/thumbnails/01-composition-logic/077-鸟瞰构图.jpg,1086,1448,2b84fcc8a754f012fa88c28a3b03f01f4f0e207ebe0ec0e07210a06ed2994cef
078,虫视构图,构图逻辑,01-composition-logic,视点、景深与空间感,viewpoint-focus,v2/images/01-composition-logic/078-虫视构图.png,v2/thumbnails/01-composition-logic/078-虫视构图.jpg,1086,1448,47b2fb8435c319bf8e9d7c25f8f99655198ba4359206e0ca1768319f9332b883
079,顶视构图,构图逻辑,01-composition-logic,视点、景深与空间感,viewpoint-focus,v2/images/01-composition-logic/079-顶视构图.png,v2/thumbnails/01-composition-logic/079-顶视构图.jpg,1086,1448,f49dbfe3b887593926c9ba92835fcc8a435ca662e7af25cbd9da3aec107f370a
080,平视构图,构图逻辑,01-composition-logic,视点、景深与空间感,viewpoint-focus,v2/images/01-composition-logic/080-平视构图.png,v2/thumbnails/01-composition-logic/080-平视构图.jpg,1086,1448,39c2efdf63010d3ac6cb39fd72ca420f42dbca090e6001a7766977e03f4e3e95
081,强制透视构图,构图逻辑,01-composition-logic,视点、景深与空间感,viewpoint-focus,v2/images/01-composition-logic/081-强制透视构图.png,v2/thumbnails/01-composition-logic/081-强制透视构图.jpg,1086,1448,307494e2f0e1c5e4b0d1ec05f14633e3b529f1c6e5100dfec622baf2dfd64428
082,空气透视构图,构图逻辑,01-composition-logic,视点、景深与空间感,viewpoint-focus,v2/images/01-composition-logic/082-空气透视构图.png,v2/thumbnails/01-composition-logic/082-空气透视构图.jpg,1086,1448,b4656b97cf3fe526a505cd15d5467fa8c11914399d86900e9e26209072b592d5
083,浅景深构图,构图逻辑,01-composition-logic,视点、景深与空间感,viewpoint-focus,v2/images/01-composition-logic/083-浅景深构图.png,v2/thumbnails/01-composition-logic/083-浅景深构图.jpg,1086,1448,4361e61f4c1f673ffd36e2efa768bb98b8ee4a7854ac1570c0a5db20c50b245d
084,深焦构图,构图逻辑,01-composition-logic,视点、景深与空间感,viewpoint-focus,v2/images/01-composition-logic/084-深焦构图.png,v2/thumbnails/01-composition-logic/084-深焦构图.jpg,1086,1448,4a4d2de5f2a5000c41735372baa8f6e9bb6c6da785ad38dbfe6ade036f5c9c31
085,平面化构图,构图逻辑,01-composition-logic,视点、景深与空间感,viewpoint-focus,v2/images/01-composition-logic/085-平面化构图.png,v2/thumbnails/01-composition-logic/085-平面化构图.jpg,1086,1448,48d27f241d89fa0b37bfcdc9e33514eaab7f99ad7b75823519ec6886f2fcf834
086,深空间构图,构图逻辑,01-composition-logic,视点、景深与空间感,viewpoint-focus,v2/images/01-composition-logic/086-深空间构图.png,v2/thumbnails/01-composition-logic/086-深空间构图.jpg,1086,1448,78ab7f8b6b918177f7ae6e29e03423db1781974cda6f654a97d392f25a6f7e93
087,放射平衡原则,视觉原则与阅读模式,02-visual-principles,平衡、动势与焦点,balance-focus,v2/images/02-visual-principles/087-放射平衡原则.png,v2/thumbnails/02-visual-principles/087-放射平衡原则.jpg,1086,1448,183cb8fe9d159f0305268012f7ce6233b99a354afc31d8d64c3b84b5fa6dc6e6
088,晶体式平衡原则,视觉原则与阅读模式,02-visual-principles,平衡、动势与焦点,balance-focus,v2/images/02-visual-principles/088-晶体式平衡原则.png,v2/thumbnails/02-visual-principles/088-晶体式平衡原则.jpg,1086,1448,ba4f638ee974f4990993942c00d064501544bb624afb2af1e1863c58ff713c14
089,静态构图,视觉原则与阅读模式,02-visual-principles,平衡、动势与焦点,balance-focus,v2/images/02-visual-principles/089-静态构图.png,v2/thumbnails/02-visual-principles/089-静态构图.jpg,1086,1448,24c92f45527ec5a1d3e24a4674f3f05106a2f400e4174534f39ca700e124e154
090,动态构图,视觉原则与阅读模式,02-visual-principles,平衡、动势与焦点,balance-focus,v2/images/02-visual-principles/090-动态构图.png,v2/thumbnails/02-visual-principles/090-动态构图.jpg,1086,1448,84fdfb6e56a38fd3950f5d49584b64469ddb365dabec4cad4240cc669d571135
091,开放式构图,视觉原则与阅读模式,02-visual-principles,平衡、动势与焦点,balance-focus,v2/images/02-visual-principles/091-开放式构图.png,v2/thumbnails/02-visual-principles/091-开放式构图.jpg,1086,1448,c9ac6a736cf23685a391d0eef2ddea68b5e10a013ed4c0c56c24618dc9b8885d
092,封闭式构图,视觉原则与阅读模式,02-visual-principles,平衡、动势与焦点,balance-focus,v2/images/02-visual-principles/092-封闭式构图.png,v2/thumbnails/02-visual-principles/092-封闭式构图.jpg,1086,1448,9fccf34973e0b93d23643843a9102e14c8d67b955af705e862780244a08e710a
093,单一焦点构图,视觉原则与阅读模式,02-visual-principles,平衡、动势与焦点,balance-focus,v2/images/02-visual-principles/093-单一焦点构图.png,v2/thumbnails/02-visual-principles/093-单一焦点构图.jpg,1086,1448,9d076c296f7a461630b105fbbc03f2a19b7be0ae43d3f2e29b6dfe31cd352809
094,多重焦点构图,视觉原则与阅读模式,02-visual-principles,平衡、动势与焦点,balance-focus,v2/images/02-visual-principles/094-多重焦点构图.png,v2/thumbnails/02-visual-principles/094-多重焦点构图.jpg,1086,1448,24cfabcff9844d1a8909c23ba786815696d1049a41abfcbd05b419489e94f8be
095,视觉层级原则,视觉原则与阅读模式,02-visual-principles,层级、比例与对比,hierarchy-contrast,v2/images/02-visual-principles/095-视觉层级原则.png,v2/thumbnails/02-visual-principles/095-视觉层级原则.jpg,1086,1448,b65e539677874a50144599b7ed7fc63580a88656175ee1f4457341a44bee64eb
096,主次关系原则,视觉原则与阅读模式,02-visual-principles,层级、比例与对比,hierarchy-contrast,v2/images/02-visual-principles/096-主次关系原则.png,v2/thumbnails/02-visual-principles/096-主次关系原则.jpg,1086,1448,600c840672c4bd0e72158aa77a3a31bed1f2b7e07b18c23d6fc841a5a14e8d51
097,平衡原则,视觉原则与阅读模式,02-visual-principles,层级、比例与对比,hierarchy-contrast,v2/images/02-visual-principles/097-平衡原则.png,v2/thumbnails/02-visual-principles/097-平衡原则.jpg,1086,1448,e17518ba70e25d00c5aeb5af15c7bf67ea9797421f6b164ae7fab9f3d63ba0ce
098,比例原则,视觉原则与阅读模式,02-visual-principles,层级、比例与对比,hierarchy-contrast,v2/images/02-visual-principles/098-比例原则.png,v2/thumbnails/02-visual-principles/098-比例原则.jpg,1086,1448,ba425633e6db645da5d4ec4c2785f1c5033ae9780ec84cb9835c831bd610ee3a
099,尺度对比原则,视觉原则与阅读模式,02-visual-principles,层级、比例与对比,hierarchy-contrast,v2/images/02-visual-principles/099-尺度对比原则.png,v2/thumbnails/02-visual-principles/099-尺度对比原则.jpg,1086,1448,4c5d028db94e80fe48f6eb90d3e288f60ff3d2b9055ce0a825f516bace82c73b
100,明暗对比原则,视觉原则与阅读模式,02-visual-principles,层级、比例与对比,hierarchy-contrast,v2/images/02-visual-principles/100-明暗对比原则.png,v2/thumbnails/02-visual-principles/100-明暗对比原则.jpg,1086,1448,542d4c8ec443fa1fc97d86054a455dc1b31f078cf9e1769af8536243f840c446
101,色彩对比原则,视觉原则与阅读模式,02-visual-principles,层级、比例与对比,hierarchy-contrast,v2/images/02-visual-principles/101-色彩对比原则.png,v2/thumbnails/02-visual-principles/101-色彩对比原则.jpg,1086,1448,585f7f664cad4676c90266a4ea561ebc2c92121ca82b38a984edeb7707d709e9
102,形状对比原则,视觉原则与阅读模式,02-visual-principles,层级、比例与对比,hierarchy-contrast,v2/images/02-visual-principles/102-形状对比原则.png,v2/thumbnails/02-visual-principles/102-形状对比原则.jpg,1086,1448,59894ebcb9c95325a4273c059ef1f0d7147a60a66854dcee592a2ed26959d1e6
103,质感对比原则,视觉原则与阅读模式,02-visual-principles,层级、比例与对比,hierarchy-contrast,v2/images/02-visual-principles/103-质感对比原则.png,v2/thumbnails/02-visual-principles/103-质感对比原则.jpg,1086,1448,59c1f3680ed27878fc9906e4efd94f0b855727f7a9638910be4311cab32f3a20
104,动静对比原则,视觉原则与阅读模式,02-visual-principles,层级、比例与对比,hierarchy-contrast,v2/images/02-visual-principles/104-动静对比原则.png,v2/thumbnails/02-visual-principles/104-动静对比原则.jpg,1086,1448,3bafdb9573e64cfc9fcbd822587ef705f08529976000edcf71bea37f8943b505
105,并置原则,视觉原则与阅读模式,02-visual-principles,层级、比例与对比,hierarchy-contrast,v2/images/02-visual-principles/105-并置原则.png,v2/thumbnails/02-visual-principles/105-并置原则.jpg,1086,1448,32542823d1cf37ddfdd3488c7e1c9a7c4fa5f0b62486fedf865a1b04bf705e1e
106,隔离原则,视觉原则与阅读模式,02-visual-principles,层级、比例与对比,hierarchy-contrast,v2/images/02-visual-principles/106-隔离原则.png,v2/thumbnails/02-visual-principles/106-隔离原则.jpg,1086,1448,701366724e1eccec73229da68884d8197f78ea1a78d5367f2af28300c6299967
107,重复原则,视觉原则与阅读模式,02-visual-principles,重复、图案与节奏,repetition-rhythm,v2/images/02-visual-principles/107-重复原则.png,v2/thumbnails/02-visual-principles/107-重复原则.jpg,1086,1448,c1b14252a4b2e343ece3cb2a9aef69bfcc73c85daebf2a3cc4a76385ff05b367
108,图案组织,视觉原则与阅读模式,02-visual-principles,重复、图案与节奏,repetition-rhythm,v2/images/02-visual-principles/108-图案组织.png,v2/thumbnails/02-visual-principles/108-图案组织.jpg,1086,1448,4fdb15e162a795a6d7a5e4f2f85fb992efda9b4fb709926f0f887fbd22271ddd
109,节奏组织,视觉原则与阅读模式,02-visual-principles,重复、图案与节奏,repetition-rhythm,v2/images/02-visual-principles/109-节奏组织.png,v2/thumbnails/02-visual-principles/109-节奏组织.jpg,1086,1448,5750d757d72f0890d34afa595d511eedfa1661474434493b720a0f4543d88b77
110,渐变组织,视觉原则与阅读模式,02-visual-principles,重复、图案与节奏,repetition-rhythm,v2/images/02-visual-principles/110-渐变组织.png,v2/thumbnails/02-visual-principles/110-渐变组织.jpg,1086,1448,f299b6cbf80cafeef96f6fd713125ba4e1df2bcf0b9f1a654dc0888acbeee9b6
111,交替节奏组织,视觉原则与阅读模式,02-visual-principles,重复、图案与节奏,repetition-rhythm,v2/images/02-visual-principles/111-交替节奏组织.png,v2/thumbnails/02-visual-principles/111-交替节奏组织.jpg,1086,1448,540830f9fa1ad33cb1054221b07c59aad2f9124267fb8416838bc46d5c59b73f
112,渐进节奏组织,视觉原则与阅读模式,02-visual-principles,重复、图案与节奏,repetition-rhythm,v2/images/02-visual-principles/112-渐进节奏组织.png,v2/thumbnails/02-visual-principles/112-渐进节奏组织.jpg,1086,1448,53716ac910a1aeeef1d06f1d4aa716e84031dee2a90489bfb982e06a7b2a2771
113,流动节奏组织,视觉原则与阅读模式,02-visual-principles,重复、图案与节奏,repetition-rhythm,v2/images/02-visual-principles/113-流动节奏组织.png,v2/thumbnails/02-visual-principles/113-流动节奏组织.jpg,1086,1448,80b35b0ecf5447b73f66366721fac4c965a8fcb804561f29e239ddb3c2aceb85
114,随机节奏组织,视觉原则与阅读模式,02-visual-principles,重复、图案与节奏,repetition-rhythm,v2/images/02-visual-principles/114-随机节奏组织.png,v2/thumbnails/02-visual-principles/114-随机节奏组织.jpg,1086,1448,5e2fa427d2a4262f5f3ffd0e226df3ffda9ebc448c33b5d3e909eaafaf5cf996
115,相似性原则,视觉原则与阅读模式,02-visual-principles,格式塔与组群,gestalt-grouping,v2/images/02-visual-principles/115-相似性原则.png,v2/thumbnails/02-visual-principles/115-相似性原则.jpg,1086,1448,e2d7a0ff343e8740445ea563759e2a09a4616426ab654cdb4a4e188356d92232
116,邻近性原则,视觉原则与阅读模式,02-visual-principles,格式塔与组群,gestalt-grouping,v2/images/02-visual-principles/116-邻近性原则.png,v2/thumbnails/02-visual-principles/116-邻近性原则.jpg,1086,1448,a3e0262bda106e0273218baf231d9730413802e2165cec449c8f8f0b02f6b35c
117,连续性原则,视觉原则与阅读模式,02-visual-principles,格式塔与组群,gestalt-grouping,v2/images/02-visual-principles/117-连续性原则.png,v2/thumbnails/02-visual-principles/117-连续性原则.jpg,1086,1448,236949d978e096f220ed82a1576d028783a6c6aaab85d612d83b7274657901ba
118,闭合性原则,视觉原则与阅读模式,02-visual-principles,格式塔与组群,gestalt-grouping,v2/images/02-visual-principles/118-闭合性原则.png,v2/thumbnails/02-visual-principles/118-闭合性原则.jpg,1086,1448,d8d45844c5f24103c767e8d6399fec3f9ce0261a0f902587b749dba0a21c0e4b
119,图底关系原则,视觉原则与阅读模式,02-visual-principles,格式塔与组群,gestalt-grouping,v2/images/02-visual-principles/119-图底关系原则.png,v2/thumbnails/02-visual-principles/119-图底关系原则.jpg,1086,1448,9fd0c958cc1f70d05e6235e2b1756a504c6e0afff0116f5843d55560a5bff0fc
120,共同区域原则,视觉原则与阅读模式,02-visual-principles,格式塔与组群,gestalt-grouping,v2/images/02-visual-principles/120-共同区域原则.png,v2/thumbnails/02-visual-principles/120-共同区域原则.jpg,1086,1448,a874da25aba36b36ebcc75b5503305162ed5c8ccaba503af3de7da2a99ef40c7
121,共同命运原则,视觉原则与阅读模式,02-visual-principles,格式塔与组群,gestalt-grouping,v2/images/02-visual-principles/121-共同命运原则.png,v2/thumbnails/02-visual-principles/121-共同命运原则.jpg,1086,1448,cec13e9dc34c5fdfc5cde930b7437adff542e8f59f0c7f8a1031d4f08ae4d75e
122,简化构图原则,视觉原则与阅读模式,02-visual-principles,格式塔与组群,gestalt-grouping,v2/images/02-visual-principles/122-简化构图原则.png,v2/thumbnails/02-visual-principles/122-简化构图原则.jpg,1086,1448,d3ec6ffb4d490167f6ce28b4ee8d0e042352f8b52bcd1b2c4c90f16e3202b18f
123,裁切构图,视觉原则与阅读模式,02-visual-principles,格式塔与组群,gestalt-grouping,v2/images/02-visual-principles/123-裁切构图.png,v2/thumbnails/02-visual-principles/123-裁切构图.jpg,1086,1448,3c072faab7313eb341eef6071527257e80711e5524be967ca2db1fb546830425
124,满幅构图,视觉原则与阅读模式,02-visual-principles,格式塔与组群,gestalt-grouping,v2/images/02-visual-principles/124-满幅构图.png,v2/thumbnails/02-visual-principles/124-满幅构图.jpg,1086,1448,1bec68c41ae71a0175a511e45bc54cb9b0061e1476d8306babfb6d87a57ff2c2
125,疏密对比原则,视觉原则与阅读模式,02-visual-principles,格式塔与组群,gestalt-grouping,v2/images/02-visual-principles/125-疏密对比原则.png,v2/thumbnails/02-visual-principles/125-疏密对比原则.jpg,1086,1448,602323d73dd74b717c950227a970b627792da1b98ff83d2e2ebf7e244b5a4322
126,群组构图,视觉原则与阅读模式,02-visual-principles,格式塔与组群,gestalt-grouping,v2/images/02-visual-principles/126-群组构图.png,v2/thumbnails/02-visual-principles/126-群组构图.jpg,1086,1448,7c895fd1522d3ea1ea40851c9b512308ce3a61577a5071906a0805fcac86167d
127,F 型扫描模式,视觉原则与阅读模式,02-visual-principles,页面阅读模式,reading-patterns,v2/images/02-visual-principles/127-F 型扫描模式.png,v2/thumbnails/02-visual-principles/127-F 型扫描模式.jpg,1086,1448,f0a432cfe0a691a4fb86e0b365a2f42e2e898b061f202cd9db12772b889869ae
128,Z 型扫描模式,视觉原则与阅读模式,02-visual-principles,页面阅读模式,reading-patterns,v2/images/02-visual-principles/128-Z 型扫描模式.png,v2/thumbnails/02-visual-principles/128-Z 型扫描模式.jpg,1086,1448,0198e3eddc17efc5d2cdca261b56c9ecc13be2074073b03de51109e47a7cb254
129,古腾堡图式,视觉原则与阅读模式,02-visual-principles,页面阅读模式,reading-patterns,v2/images/02-visual-principles/129-古腾堡图式.png,v2/thumbnails/02-visual-principles/129-古腾堡图式.jpg,1086,1448,95d6bbe38355c2f9da10e8ee773758ba44577d9901dccf194240df7c391ae0b8
130,层蛋糕扫描模式,视觉原则与阅读模式,02-visual-principles,页面阅读模式,reading-patterns,v2/images/02-visual-principles/130-层蛋糕扫描模式.png,v2/thumbnails/02-visual-principles/130-层蛋糕扫描模式.jpg,1086,1448,5b6ecdef3a49d29744c69f73ab56fef0d9137cb9246f2c80655483d15e427550
131,斑点扫描模式,视觉原则与阅读模式,02-visual-principles,页面阅读模式,reading-patterns,v2/images/02-visual-principles/131-斑点扫描模式.png,v2/thumbnails/02-visual-principles/131-斑点扫描模式.jpg,1086,1448,cd18193a6c5ee35ca29c9f9fff9d50097bde7ff8a1554f8ca8c208976c367259
132,单栏版式,平面、出版与广告,03-editorial-advertising,分栏、跨页与出血,columns-spreads,v2/images/03-editorial-advertising/132-单栏版式.png,v2/thumbnails/03-editorial-advertising/132-单栏版式.jpg,1086,1448,709508f743d8fcb4d6f319ec3a4945493ed538034ba9c6a806e0b846b6cf3012
133,双栏版式,平面、出版与广告,03-editorial-advertising,分栏、跨页与出血,columns-spreads,v2/images/03-editorial-advertising/133-双栏版式.png,v2/thumbnails/03-editorial-advertising/133-双栏版式.jpg,1086,1448,8ded7eca7cf4f5f9c93e7bab69bcf75045b4aa89ab5aa429032475bd7b5793cf
134,多栏版式,平面、出版与广告,03-editorial-advertising,分栏、跨页与出血,columns-spreads,v2/images/03-editorial-advertising/134-多栏版式.png,v2/thumbnails/03-editorial-advertising/134-多栏版式.jpg,1086,1448,cc6ba1a8e5196a45b4bc0822280f3cdba1f1b66018a23e784b998f2206965c14
135,对称跨页,平面、出版与广告,03-editorial-advertising,分栏、跨页与出血,columns-spreads,v2/images/03-editorial-advertising/135-对称跨页.png,v2/thumbnails/03-editorial-advertising/135-对称跨页.jpg,1086,1448,da7e6789de92ecdfca2182caca2a226057189ccee38778932492737eb8d1debb
136,非对称跨页,平面、出版与广告,03-editorial-advertising,分栏、跨页与出血,columns-spreads,v2/images/03-editorial-advertising/136-非对称跨页.png,v2/thumbnails/03-editorial-advertising/136-非对称跨页.jpg,1086,1448,c312c536d92246ba2741cb492ae92c1fa9421ee39c4435183f65b4493c11a8f3
137,通版跨页,平面、出版与广告,03-editorial-advertising,分栏、跨页与出血,columns-spreads,v2/images/03-editorial-advertising/137-通版跨页.png,v2/thumbnails/03-editorial-advertising/137-通版跨页.jpg,1086,1448,7a4322aaad176e40f28b2fedbaefd468fbb4529b6f46ddba10f8a4bc0d57c20e
138,满出血版式,平面、出版与广告,03-editorial-advertising,分栏、跨页与出血,columns-spreads,v2/images/03-editorial-advertising/138-满出血版式.png,v2/thumbnails/03-editorial-advertising/138-满出血版式.jpg,1086,1448,e5536e8a5cc9e037b24912c6c965658a117f0992884658b5a40cdc4d5a956444
139,无出血版式,平面、出版与广告,03-editorial-advertising,分栏、跨页与出血,columns-spreads,v2/images/03-editorial-advertising/139-无出血版式.png,v2/thumbnails/03-editorial-advertising/139-无出血版式.jpg,1086,1448,20970b80896ed5a61738546b57b80cebfc1c1468543de33ea2fbb463064f73cf
140,图片主导版式,平面、出版与广告,03-editorial-advertising,图文主导与表现型版式,expressive-layouts,v2/images/03-editorial-advertising/140-图片主导版式.png,v2/thumbnails/03-editorial-advertising/140-图片主导版式.jpg,1086,1448,981e225d87dc788874490652bf3be5662ef99e31bf926382deedc0fc1d364bc5
141,文字主导版式,平面、出版与广告,03-editorial-advertising,图文主导与表现型版式,expressive-layouts,v2/images/03-editorial-advertising/141-文字主导版式.png,v2/thumbnails/03-editorial-advertising/141-文字主导版式.jpg,1086,1448,7301d7b4e4a028c5b01f4e4131d3285f9fc732549ec9548bbb8a0a441992971a
142,大标题版式,平面、出版与广告,03-editorial-advertising,图文主导与表现型版式,expressive-layouts,v2/images/03-editorial-advertising/142-大标题版式.png,v2/thumbnails/03-editorial-advertising/142-大标题版式.jpg,1086,1448,06d74e2d90c17ee55bd2dab3cfd6b3cf23e6f54c0ec1e1ebd6749e09596cd6e7
143,图片窗口版式,平面、出版与广告,03-editorial-advertising,图文主导与表现型版式,expressive-layouts,v2/images/03-editorial-advertising/143-图片窗口版式.png,v2/thumbnails/03-editorial-advertising/143-图片窗口版式.jpg,1086,1448,97c7193c81238119f014a87c23439b3c9622c7a94e46dfd4ba38300f6aafa0b7
144,框架版式,平面、出版与广告,03-editorial-advertising,图文主导与表现型版式,expressive-layouts,v2/images/03-editorial-advertising/144-框架版式.png,v2/thumbnails/03-editorial-advertising/144-框架版式.jpg,1086,1448,07bf60785f70dc5ba11db10a8bb912afbd4af49433781fbf3807f96c5009aba9
145,多面板版式,平面、出版与广告,03-editorial-advertising,图文主导与表现型版式,expressive-layouts,v2/images/03-editorial-advertising/145-多面板版式.png,v2/thumbnails/03-editorial-advertising/145-多面板版式.jpg,1086,1448,5b19c27061fc1ef7998ccdf9a611789bc7533924b9de65bbcf8a1ddbaf84bed9
146,蒙德里安版式,平面、出版与广告,03-editorial-advertising,图文主导与表现型版式,expressive-layouts,v2/images/03-editorial-advertising/146-蒙德里安版式.png,v2/thumbnails/03-editorial-advertising/146-蒙德里安版式.jpg,1086,1448,1f998a4b19e4d2f0716f2a8e2ecac5dd6c23a6d8e0fafdf42974dc0cd58c9e5c
147,马戏团版式,平面、出版与广告,03-editorial-advertising,图文主导与表现型版式,expressive-layouts,v2/images/03-editorial-advertising/147-马戏团版式.png,v2/thumbnails/03-editorial-advertising/147-马戏团版式.jpg,1086,1448,169c5a10a8711da512bc7c8a7f0fb2b9edee228eb2e66913cc38f4ca2b1e4b60
148,剪影版式,平面、出版与广告,03-editorial-advertising,图文主导与表现型版式,expressive-layouts,v2/images/03-editorial-advertising/148-剪影版式.png,v2/thumbnails/03-editorial-advertising/148-剪影版式.jpg,1086,1448,58905edad65cff98b4060b30c1362695255d1bee100a59f0cacff61faecba1cb
149,字母造型版式,平面、出版与广告,03-editorial-advertising,图文主导与表现型版式,expressive-layouts,v2/images/03-editorial-advertising/149-字母造型版式.png,v2/thumbnails/03-editorial-advertising/149-字母造型版式.jpg,1086,1448,281fd828fd9b9fd42a93f57e64740c334ae254b04b1b221e623bf7a8d0a38c29
150,图文谜语版式,平面、出版与广告,03-editorial-advertising,图文主导与表现型版式,expressive-layouts,v2/images/03-editorial-advertising/150-图文谜语版式.png,v2/thumbnails/03-editorial-advertising/150-图文谜语版式.jpg,1086,1448,cd766e70c67d9ec1f5a1f2965375c5fa476cb5016457346833aba4ccc336d121
151,拼贴版式,平面、出版与广告,03-editorial-advertising,图文主导与表现型版式,expressive-layouts,v2/images/03-editorial-advertising/151-拼贴版式.png,v2/thumbnails/03-editorial-advertising/151-拼贴版式.jpg,1086,1448,5d862d3cc8858977c0e2bf224dec4300ec5f5bd72ccea83d50962b37fbf24110
152,蒙太奇版式,平面、出版与广告,03-editorial-advertising,图文主导与表现型版式,expressive-layouts,v2/images/03-editorial-advertising/152-蒙太奇版式.png,v2/thumbnails/03-editorial-advertising/152-蒙太奇版式.jpg,1086,1448,7eb7e86c477f3832a18897bfb4b9d45dd58f7dbe5d30660bb2db4c2a66a7133d
153,模块化页面,平面、出版与广告,03-editorial-advertising,模块、侧栏与图文关系,modules-annotations,v2/images/03-editorial-advertising/153-模块化页面.png,v2/thumbnails/03-editorial-advertising/153-模块化页面.jpg,1086,1448,57d046483a0c0010a800d6aa99d39262362cc8f1b8af0d1643d0b0a7b2395cdc
154,区块式版式,平面、出版与广告,03-editorial-advertising,模块、侧栏与图文关系,modules-annotations,v2/images/03-editorial-advertising/154-区块式版式.png,v2/thumbnails/03-editorial-advertising/154-区块式版式.jpg,1086,1448,15c342ed18b27aa99c085f0066c4e18a8569155a35c568b68fb56748c07ab581
155,插页式版式,平面、出版与广告,03-editorial-advertising,模块、侧栏与图文关系,modules-annotations,v2/images/03-editorial-advertising/155-插页式版式.png,v2/thumbnails/03-editorial-advertising/155-插页式版式.jpg,1086,1448,725c02c9a9aaaaa6cc29a5a5f8026db730b5f7ea0bed2344af245bcca41b9153
156,侧栏版式,平面、出版与广告,03-editorial-advertising,模块、侧栏与图文关系,modules-annotations,v2/images/03-editorial-advertising/156-侧栏版式.png,v2/thumbnails/03-editorial-advertising/156-侧栏版式.jpg,1086,1448,5e90266f6c602c4be5598b423b0ab5002d4da490f346d237f3c3a8f6c5802312
157,边注版式,平面、出版与广告,03-editorial-advertising,模块、侧栏与图文关系,modules-annotations,v2/images/03-editorial-advertising/157-边注版式.png,v2/thumbnails/03-editorial-advertising/157-边注版式.jpg,1086,1448,db3babe08a5495727b093da31d61ab9ffdfc05a6a58d055530cd6827017bba58
158,环绕图版式,平面、出版与广告,03-editorial-advertising,模块、侧栏与图文关系,modules-annotations,v2/images/03-editorial-advertising/158-环绕图版式.png,v2/thumbnails/03-editorial-advertising/158-环绕图版式.jpg,1086,1448,74ed424c159983a51287964b0d0fb889e5e1c57eebfa49566586c3c98747114a
159,浮动块版式,平面、出版与广告,03-editorial-advertising,模块、侧栏与图文关系,modules-annotations,v2/images/03-editorial-advertising/159-浮动块版式.png,v2/thumbnails/03-editorial-advertising/159-浮动块版式.jpg,1086,1448,6739153952b4588891173b986f03619f55d97ee89991815b281dc14235f18e75
160,封面版式,平面、出版与广告,03-editorial-advertising,出版功能页面,editorial-pages,v2/images/03-editorial-advertising/160-封面版式.png,v2/thumbnails/03-editorial-advertising/160-封面版式.jpg,1086,1448,451f4c1300208ae1092be5fd8c227a37bcdabc3d8ea48e5931e331940e52adf2
161,章节扉页,平面、出版与广告,03-editorial-advertising,出版功能页面,editorial-pages,v2/images/03-editorial-advertising/161-章节扉页.png,v2/thumbnails/03-editorial-advertising/161-章节扉页.jpg,1086,1448,6ce18680cf4db6e4a99f5fa50f32e71497e62d87d629b822f84aac9731a52a08
162,栏目开启页,平面、出版与广告,03-editorial-advertising,出版功能页面,editorial-pages,v2/images/03-editorial-advertising/162-栏目开启页.png,v2/thumbnails/03-editorial-advertising/162-栏目开启页.jpg,1086,1448,93a7c823dff384e88d05ebea5f542e5a1cc174efae6dd5084446a3ad9b0aeddb
163,特写跨页,平面、出版与广告,03-editorial-advertising,出版功能页面,editorial-pages,v2/images/03-editorial-advertising/163-特写跨页.png,v2/thumbnails/03-editorial-advertising/163-特写跨页.jpg,1086,1448,0f0ad86455c1e3fbe2fd37655a2fd3aa46d5865a25805e0ac13f95333f7bb77b
164,目录版式,平面、出版与广告,03-editorial-advertising,出版功能页面,editorial-pages,v2/images/03-editorial-advertising/164-目录版式.png,v2/thumbnails/03-editorial-advertising/164-目录版式.jpg,1086,1448,79959a164150146705b94bb254c8346f9491c53c7fd6b3006536e289b8133487
165,索引版式,平面、出版与广告,03-editorial-advertising,出版功能页面,editorial-pages,v2/images/03-editorial-advertising/165-索引版式.png,v2/thumbnails/03-editorial-advertising/165-索引版式.jpg,1086,1448,350e1170473d3826cd68952b93bf41bcfb05f5753906d1867aa9d680b8b4694b
166,图录版式,平面、出版与广告,03-editorial-advertising,出版功能页面,editorial-pages,v2/images/03-editorial-advertising/166-图录版式.png,v2/thumbnails/03-editorial-advertising/166-图录版式.jpg,1086,1448,c6fa126c45bf0e0304ca2e794b593cca048add0b39b59bec8b25dae1d8d90292
167,引语主导版式,平面、出版与广告,03-editorial-advertising,出版功能页面,editorial-pages,v2/images/03-editorial-advertising/167-引语主导版式.png,v2/thumbnails/03-editorial-advertising/167-引语主导版式.jpg,1086,1448,374b824bbd263697473b92b8193c20fb2a2e0dee5549416561a871252874b997
168,轴线系统,字体、网格与东亚文字,04-type-grid-cjk,字体组织系统,type-systems,v2/images/04-type-grid-cjk/168-轴线系统.png,v2/thumbnails/04-type-grid-cjk/168-轴线系统.jpg,1086,1448,8c0bcda4e4f9cb2d18c71b10651666c0503b43c02ce4ce422dfb1f95c9da5984
169,放射系统,字体、网格与东亚文字,04-type-grid-cjk,字体组织系统,type-systems,v2/images/04-type-grid-cjk/169-放射系统.png,v2/thumbnails/04-type-grid-cjk/169-放射系统.jpg,1086,1448,ccde6ec7dcacb0b6d1fca611d344c168b8fe6e617d1be90bf78d358d57baef50
170,扩张系统,字体、网格与东亚文字,04-type-grid-cjk,字体组织系统,type-systems,v2/images/04-type-grid-cjk/170-扩张系统.png,v2/thumbnails/04-type-grid-cjk/170-扩张系统.jpg,1086,1448,8bc1f9981e862e8dcb9acb55fce3907e719a9a704b0a87cb0dfd070a5e2bd4c3
171,随机系统,字体、网格与东亚文字,04-type-grid-cjk,字体组织系统,type-systems,v2/images/04-type-grid-cjk/171-随机系统.png,v2/thumbnails/04-type-grid-cjk/171-随机系统.jpg,1086,1448,756d362f502892f88d5dbfff75a6865422204c0defda38af119d03e8fbda876a
172,网格系统,字体、网格与东亚文字,04-type-grid-cjk,字体组织系统,type-systems,v2/images/04-type-grid-cjk/172-网格系统.png,v2/thumbnails/04-type-grid-cjk/172-网格系统.jpg,1086,1448,85e9af038dba8ea31f7c7c53bbb09409c95fee73fe9e7de5998b6148560c6476
173,模块系统,字体、网格与东亚文字,04-type-grid-cjk,字体组织系统,type-systems,v2/images/04-type-grid-cjk/173-模块系统.png,v2/thumbnails/04-type-grid-cjk/173-模块系统.jpg,1086,1448,d7cb29ef322a8b3af189964f4ee23a72fb764017900fa579e5417911d8f5778d
174,过渡系统,字体、网格与东亚文字,04-type-grid-cjk,字体组织系统,type-systems,v2/images/04-type-grid-cjk/174-过渡系统.png,v2/thumbnails/04-type-grid-cjk/174-过渡系统.jpg,1086,1448,9882b25330bb83d82a1df810702e1613a5f2710f246306ec6eefee48bc71631d
175,双边系统,字体、网格与东亚文字,04-type-grid-cjk,字体组织系统,type-systems,v2/images/04-type-grid-cjk/175-双边系统.png,v2/thumbnails/04-type-grid-cjk/175-双边系统.jpg,1086,1448,f405d4ddf77ea81cf05c5a81bd43c096fc1eb405ff0cce697b043b975464fb15
176,左对齐右参差,字体、网格与东亚文字,04-type-grid-cjk,对齐、缩进与文字造型,typesetting,v2/images/04-type-grid-cjk/176-左对齐右参差.png,v2/thumbnails/04-type-grid-cjk/176-左对齐右参差.jpg,1086,1448,c9d6442bdbaa8d288803c82b0109d4aec59bb760d2c672fb9b67a0c1f4e313f7
177,右对齐左参差,字体、网格与东亚文字,04-type-grid-cjk,对齐、缩进与文字造型,typesetting,v2/images/04-type-grid-cjk/177-右对齐左参差.png,v2/thumbnails/04-type-grid-cjk/177-右对齐左参差.jpg,1086,1448,b211a750272bfc00c12b16eae88f17c1806b749aacba6831902213ce8397bdef
178,居中排版,字体、网格与东亚文字,04-type-grid-cjk,对齐、缩进与文字造型,typesetting,v2/images/04-type-grid-cjk/178-居中排版.png,v2/thumbnails/04-type-grid-cjk/178-居中排版.jpg,1086,1448,7299a7f328d5a3f08256884b16da38a364cf5fd25ddce80feb715bf316bbfbed
179,两端对齐,字体、网格与东亚文字,04-type-grid-cjk,对齐、缩进与文字造型,typesetting,v2/images/04-type-grid-cjk/179-两端对齐.png,v2/thumbnails/04-type-grid-cjk/179-两端对齐.jpg,1086,1448,030dcb189f9548deb999019be971ff61d414848ce564939e09838b9e04a37acc
180,强制两端对齐,字体、网格与东亚文字,04-type-grid-cjk,对齐、缩进与文字造型,typesetting,v2/images/04-type-grid-cjk/180-强制两端对齐.png,v2/thumbnails/04-type-grid-cjk/180-强制两端对齐.jpg,1086,1448,e66f5a5b063ef2e1e2bbef4728529dffe5e1ac1190e86416b08110d3415fd772
181,非对称字体排版,字体、网格与东亚文字,04-type-grid-cjk,对齐、缩进与文字造型,typesetting,v2/images/04-type-grid-cjk/181-非对称字体排版.png,v2/thumbnails/04-type-grid-cjk/181-非对称字体排版.jpg,1086,1448,dfc731dee551623d965f5a3a7c1abe0d0d4f7ed3870743d8997d6f810341c49f
182,轮廓绕排,字体、网格与东亚文字,04-type-grid-cjk,对齐、缩进与文字造型,typesetting,v2/images/04-type-grid-cjk/182-轮廓绕排.png,v2/thumbnails/04-type-grid-cjk/182-轮廓绕排.jpg,1086,1448,70963ad5e019b0ce10f79a1e7843f3b2f4aa5220ae654e28c5e0c3cad9b11011
183,矩形绕排,字体、网格与东亚文字,04-type-grid-cjk,对齐、缩进与文字造型,typesetting,v2/images/04-type-grid-cjk/183-矩形绕排.png,v2/thumbnails/04-type-grid-cjk/183-矩形绕排.jpg,1086,1448,3dd6da82fed0319f215861bbbae03aac84b3ce07c8f0d322530d44cde6b0877c
184,跨栏标题,字体、网格与东亚文字,04-type-grid-cjk,对齐、缩进与文字造型,typesetting,v2/images/04-type-grid-cjk/184-跨栏标题.png,v2/thumbnails/04-type-grid-cjk/184-跨栏标题.jpg,1086,1448,099bfa05a3dc4326d1f31b1c5fa86445cf73db5ce4d615c56c5ef8c87e09f187
185,悬挂缩进,字体、网格与东亚文字,04-type-grid-cjk,对齐、缩进与文字造型,typesetting,v2/images/04-type-grid-cjk/185-悬挂缩进.png,v2/thumbnails/04-type-grid-cjk/185-悬挂缩进.jpg,1086,1448,0d3244641ad6515e593f1eb5331379f795d965e94a1742e42d33248fa7c7ed4a
186,首行缩进,字体、网格与东亚文字,04-type-grid-cjk,对齐、缩进与文字造型,typesetting,v2/images/04-type-grid-cjk/186-首行缩进.png,v2/thumbnails/04-type-grid-cjk/186-首行缩进.jpg,1086,1448,fc56737316634cafe01a30fa6feda066896aaa4ffd9cfd15cb2b3d57f198adb4
187,凸排标点,字体、网格与东亚文字,04-type-grid-cjk,对齐、缩进与文字造型,typesetting,v2/images/04-type-grid-cjk/187-凸排标点.png,v2/thumbnails/04-type-grid-cjk/187-凸排标点.jpg,1086,1448,7aaf734e3aadea1eee4b1760eb12c5f1a9da58e0acc5fd438345f48da03c17e3
188,基线对齐,字体、网格与东亚文字,04-type-grid-cjk,对齐、缩进与文字造型,typesetting,v2/images/04-type-grid-cjk/188-基线对齐.png,v2/thumbnails/04-type-grid-cjk/188-基线对齐.jpg,1086,1448,8314f405f4435a0a984cc2065e4a40e080c661dd35fc37317dce2b2573d1ef04
189,形状文字,字体、网格与东亚文字,04-type-grid-cjk,对齐、缩进与文字造型,typesetting,v2/images/04-type-grid-cjk/189-形状文字.png,v2/thumbnails/04-type-grid-cjk/189-形状文字.jpg,1086,1448,1ebdac100449654a927f78296198fb8838caed20d3aebdbdfd57b31481a0bb6c
190,图形诗排版,字体、网格与东亚文字,04-type-grid-cjk,对齐、缩进与文字造型,typesetting,v2/images/04-type-grid-cjk/190-图形诗排版.png,v2/thumbnails/04-type-grid-cjk/190-图形诗排版.jpg,1086,1448,fa17293db8cb1c3c8db546506e02b5459743e4fea3026de8581d4a2e50e9b7b4
191,路径文字,字体、网格与东亚文字,04-type-grid-cjk,对齐、缩进与文字造型,typesetting,v2/images/04-type-grid-cjk/191-路径文字.png,v2/thumbnails/04-type-grid-cjk/191-路径文字.jpg,1086,1448,61f4642b5e2e69fa02c2f7b426a860e638939734761ccd8a7d10d911c3263d1d
192,垂直文字排版,字体、网格与东亚文字,04-type-grid-cjk,对齐、缩进与文字造型,typesetting,v2/images/04-type-grid-cjk/192-垂直文字排版.png,v2/thumbnails/04-type-grid-cjk/192-垂直文字排版.jpg,1086,1448,313f9a1b747c9ccdb1584248ce67a4cfb78a5d6236dfee2e98e63d4d7272a455
193,水平文字排版,字体、网格与东亚文字,04-type-grid-cjk,对齐、缩进与文字造型,typesetting,v2/images/04-type-grid-cjk/193-水平文字排版.png,v2/thumbnails/04-type-grid-cjk/193-水平文字排版.jpg,1086,1448,254809be7da4c0e34625ed043bc59ba74d7b2aacab3e03b0ccabb77517e6c846
194,手稿网格,字体、网格与东亚文字,04-type-grid-cjk,网格系统,grid-systems,v2/images/04-type-grid-cjk/194-手稿网格.png,v2/thumbnails/04-type-grid-cjk/194-手稿网格.jpg,1086,1448,426aba459bb1740d08684558b045cc8140f9ea386531a3662bebf6cc80332ccc
195,分栏网格,字体、网格与东亚文字,04-type-grid-cjk,网格系统,grid-systems,v2/images/04-type-grid-cjk/195-分栏网格.png,v2/thumbnails/04-type-grid-cjk/195-分栏网格.jpg,1086,1448,9c6da41624617c0dc9f70b211a3d589d997ffb944975a970b5ac2fe4237e3fbc
196,模块化网格,字体、网格与东亚文字,04-type-grid-cjk,网格系统,grid-systems,v2/images/04-type-grid-cjk/196-模块化网格.png,v2/thumbnails/04-type-grid-cjk/196-模块化网格.jpg,1086,1448,5da02e4013e710aa4e3c0670e470bf94b739c51023daa222ae40e9182eaffbe7
197,层级网格,字体、网格与东亚文字,04-type-grid-cjk,网格系统,grid-systems,v2/images/04-type-grid-cjk/197-层级网格.png,v2/thumbnails/04-type-grid-cjk/197-层级网格.jpg,1086,1448,72d9cd7006a84e892e9b2535574c5cc4267706d0bc7af5ccd20a62bc15fd6ffc
198,基线网格,字体、网格与东亚文字,04-type-grid-cjk,网格系统,grid-systems,v2/images/04-type-grid-cjk/198-基线网格.png,v2/thumbnails/04-type-grid-cjk/198-基线网格.jpg,1086,1448,8ac1cb4dcd46a4b442c0b3d27b32070336596649f48dd2473eadd6eca4e52cab
199,复合网格,字体、网格与东亚文字,04-type-grid-cjk,网格系统,grid-systems,v2/images/04-type-grid-cjk/199-复合网格.png,v2/thumbnails/04-type-grid-cjk/199-复合网格.jpg,1086,1448,5dae7aef03596e16335ce0aad12409322c689664aa402c188155ac6641bf7387
200,非对称网格,字体、网格与东亚文字,04-type-grid-cjk,网格系统,grid-systems,v2/images/04-type-grid-cjk/200-非对称网格.png,v2/thumbnails/04-type-grid-cjk/200-非对称网格.jpg,1086,1448,b59da90d9dd4ef713e0925d685323c0b0417677de0b07f3725e4fa3d4a4c0368
201,方格网格,字体、网格与东亚文字,04-type-grid-cjk,网格系统,grid-systems,v2/images/04-type-grid-cjk/201-方格网格.png,v2/thumbnails/04-type-grid-cjk/201-方格网格.jpg,1086,1448,3c8103626f71414c8c26bbf02a9b3555a0ced8cf6e551b19f4b443469c76f33f
202,等距网格,字体、网格与东亚文字,04-type-grid-cjk,网格系统,grid-systems,v2/images/04-type-grid-cjk/202-等距网格.png,v2/thumbnails/04-type-grid-cjk/202-等距网格.jpg,1086,1448,126ae135a3c31f281ca58338489ac6ed5f3d73a0d391cf28273041312ca44a2a
203,放射网格,字体、网格与东亚文字,04-type-grid-cjk,网格系统,grid-systems,v2/images/04-type-grid-cjk/203-放射网格.png,v2/thumbnails/04-type-grid-cjk/203-放射网格.jpg,1086,1448,e45593aaca4fdb65708220477996959a0b7834be4986b996410663dd6ac2bf5f
204,极坐标网格,字体、网格与东亚文字,04-type-grid-cjk,网格系统,grid-systems,v2/images/04-type-grid-cjk/204-极坐标网格.png,v2/thumbnails/04-type-grid-cjk/204-极坐标网格.jpg,1086,1448,e59216565d84c51d5d176341a0d3a55b7a37f4342214cd34014ac8f117e41a40
205,嵌套网格,字体、网格与东亚文字,04-type-grid-cjk,网格系统,grid-systems,v2/images/04-type-grid-cjk/205-嵌套网格.png,v2/thumbnails/04-type-grid-cjk/205-嵌套网格.jpg,1086,1448,4a74bf650cb92c9d839fe8158565ade7ebd343bc63257196f01957af9338f3ac
206,子网格,字体、网格与东亚文字,04-type-grid-cjk,网格系统,grid-systems,v2/images/04-type-grid-cjk/206-子网格.png,v2/thumbnails/04-type-grid-cjk/206-子网格.jpg,1086,1448,a06c81e8928c19ac568a1b5e65c34e61be396231a8c2a36c242c2a98555f2c51
207,固定网格,字体、网格与东亚文字,04-type-grid-cjk,网格系统,grid-systems,v2/images/04-type-grid-cjk/207-固定网格.png,v2/thumbnails/04-type-grid-cjk/207-固定网格.jpg,1086,1448,a9d5d429c2cd2fdd789a7ceace6a95a523e1d386ad3ffc879aecd04601aa86a2
208,流体网格,字体、网格与东亚文字,04-type-grid-cjk,网格系统,grid-systems,v2/images/04-type-grid-cjk/208-流体网格.png,v2/thumbnails/04-type-grid-cjk/208-流体网格.jpg,1086,1448,5983ad29dd9dac3ff5450afb4983b8601e08068e8f4bc7dbcbd97e27779de52e
209,响应式网格,字体、网格与东亚文字,04-type-grid-cjk,网格系统,grid-systems,v2/images/04-type-grid-cjk/209-响应式网格.png,v2/thumbnails/04-type-grid-cjk/209-响应式网格.jpg,1086,1448,02cafc6bc86c01ca7fcc2e1e29b41955d66b897d534a574f4c996cc24e1f6c43
210,破格网格,字体、网格与东亚文字,04-type-grid-cjk,网格系统,grid-systems,v2/images/04-type-grid-cjk/210-破格网格.png,v2/thumbnails/04-type-grid-cjk/210-破格网格.jpg,1086,1448,1bd6e48d890159045ec2a37f19c1e5fea5afc836b8109669eb04e1b972ba17c9
211,解构网格,字体、网格与东亚文字,04-type-grid-cjk,网格系统,grid-systems,v2/images/04-type-grid-cjk/211-解构网格.png,v2/thumbnails/04-type-grid-cjk/211-解构网格.jpg,1086,1448,973df643be0eea4603c0a722a79ae5f8630eeaaef8a98fbc33f0fc3fd3f4d64c
212,横排左起,字体、网格与东亚文字,04-type-grid-cjk,东亚文字与混排,cjk-writing,v2/images/04-type-grid-cjk/212-横排左起.png,v2/thumbnails/04-type-grid-cjk/212-横排左起.jpg,1086,1448,2616282d6668477f0e9bbc8546b562a5d139465dcf2847d32ed4c6080b6ad8db
213,横排右起,字体、网格与东亚文字,04-type-grid-cjk,东亚文字与混排,cjk-writing,v2/images/04-type-grid-cjk/213-横排右起.png,v2/thumbnails/04-type-grid-cjk/213-横排右起.jpg,1086,1448,b0a8892cd577c1cd8de6aae427d3fe677d59fb1326def7bffe9574e6bdec1437
214,直排右起,字体、网格与东亚文字,04-type-grid-cjk,东亚文字与混排,cjk-writing,v2/images/04-type-grid-cjk/214-直排右起.png,v2/thumbnails/04-type-grid-cjk/214-直排右起.jpg,1086,1448,e2fe8e821cf7bd290df2c0594acc6e5846de4f334f32ecc764e1622c132c006a
215,直排左起,字体、网格与东亚文字,04-type-grid-cjk,东亚文字与混排,cjk-writing,v2/images/04-type-grid-cjk/215-直排左起.png,v2/thumbnails/04-type-grid-cjk/215-直排左起.jpg,1086,1448,1acf04fe1047f9bc5ac5cf023bcb005d28f2cc3e8e620f32f0d983d1ff47f351
216,横直混排,字体、网格与东亚文字,04-type-grid-cjk,东亚文字与混排,cjk-writing,v2/images/04-type-grid-cjk/216-横直混排.png,v2/thumbnails/04-type-grid-cjk/216-横直混排.jpg,1086,1448,dd71f924e7ee1a94b33e011663071bb7c7267ead35f1a8261a7b4432af3faad8
217,纵中横排,字体、网格与东亚文字,04-type-grid-cjk,东亚文字与混排,cjk-writing,v2/images/04-type-grid-cjk/217-纵中横排.png,v2/thumbnails/04-type-grid-cjk/217-纵中横排.jpg,1086,1448,8f770b23e42a68af23967cd61a2b755ab4c0cbd60f8a33597d94c48c068c757a
218,直排中西文转向,字体、网格与东亚文字,04-type-grid-cjk,东亚文字与混排,cjk-writing,v2/images/04-type-grid-cjk/218-直排中西文转向.png,v2/thumbnails/04-type-grid-cjk/218-直排中西文转向.jpg,1086,1448,8ada44c28e199bb0c125d2b3a3876355cf35397209e7413ecc8a450bab6b54f6
219,直排中西文直立,字体、网格与东亚文字,04-type-grid-cjk,东亚文字与混排,cjk-writing,v2/images/04-type-grid-cjk/219-直排中西文直立.png,v2/thumbnails/04-type-grid-cjk/219-直排中西文直立.jpg,1086,1448,5f907f2463355eef19a3d4179aebf316ee92698f5fd06a1c61497a612e93c0da
220,双向文字排版,字体、网格与东亚文字,04-type-grid-cjk,东亚文字与混排,cjk-writing,v2/images/04-type-grid-cjk/220-双向文字排版.png,v2/thumbnails/04-type-grid-cjk/220-双向文字排版.jpg,1086,1448,3cf3a71a9a66982485df301bdacbb654d4a783bc85c417d0d371e6abee2a9e92
221,旁注（Ruby）排版,字体、网格与东亚文字,04-type-grid-cjk,东亚文字与混排,cjk-writing,v2/images/04-type-grid-cjk/221-旁注（Ruby）排版.png,v2/thumbnails/04-type-grid-cjk/221-旁注（Ruby）排版.jpg,1086,1448,a1f957b20a3e64db410117ef437bf33c7d04d311539caffd7477f9c7ba2001e8
222,普通流布局,网页与 UI,05-web-ui,CSS 流、定位与响应,css-layout,v2/images/05-web-ui/222-普通流布局.png,v2/thumbnails/05-web-ui/222-普通流布局.jpg,1086,1448,9854cce939a3261fb748c23006255dee700935a30da238fcfe9e125652064c5d
223,块级布局,网页与 UI,05-web-ui,CSS 流、定位与响应,css-layout,v2/images/05-web-ui/223-块级布局.png,v2/thumbnails/05-web-ui/223-块级布局.jpg,1086,1448,4915499febfe67be754963f67963b403a87b5f1c03204f6005ab090ba2737238
224,行内布局,网页与 UI,05-web-ui,CSS 流、定位与响应,css-layout,v2/images/05-web-ui/224-行内布局.png,v2/thumbnails/05-web-ui/224-行内布局.jpg,1086,1448,2df277e344d824be7c0b180321059ea7c98cf268aa8608abe46ac61910341899
225,流根布局,网页与 UI,05-web-ui,CSS 流、定位与响应,css-layout,v2/images/05-web-ui/225-流根布局.png,v2/thumbnails/05-web-ui/225-流根布局.jpg,1086,1448,55617ebf1e4858648a4b08b786e1504579f78d3a6b7de632fe5726ad578e6e4b
226,弹性盒布局,网页与 UI,05-web-ui,CSS 流、定位与响应,css-layout,v2/images/05-web-ui/226-弹性盒布局.png,v2/thumbnails/05-web-ui/226-弹性盒布局.jpg,1086,1448,b8215ce96a342db8bda52f2b2aabfdc352712624a24a99666cc1e9465f7669c9
227,网格布局,网页与 UI,05-web-ui,CSS 流、定位与响应,css-layout,v2/images/05-web-ui/227-网格布局.png,v2/thumbnails/05-web-ui/227-网格布局.jpg,1086,1448,ff1f6ae5dd8bc6134a2efba0457963c3fc00fd3f67fb74c1722778f3ed9e24aa
228,子网格布局,网页与 UI,05-web-ui,CSS 流、定位与响应,css-layout,v2/images/05-web-ui/228-子网格布局.png,v2/thumbnails/05-web-ui/228-子网格布局.jpg,1086,1448,bc4829a464c01996c57d808c2fe924192899e24c581d4fb14aff4197a5d709a1
229,多栏布局,网页与 UI,05-web-ui,CSS 流、定位与响应,css-layout,v2/images/05-web-ui/229-多栏布局.png,v2/thumbnails/05-web-ui/229-多栏布局.jpg,1086,1448,3e005a25606e08fc80e503ab839f75272c2078a6f28f92bc83011ae6b5d43264
230,表格布局,网页与 UI,05-web-ui,CSS 流、定位与响应,css-layout,v2/images/05-web-ui/230-表格布局.png,v2/thumbnails/05-web-ui/230-表格布局.jpg,1086,1448,46d32f999b858af9e65fd46e62a5f262a6ee2b3af640a41312eb9ca9eab98c67
231,浮动布局,网页与 UI,05-web-ui,CSS 流、定位与响应,css-layout,v2/images/05-web-ui/231-浮动布局.png,v2/thumbnails/05-web-ui/231-浮动布局.jpg,1086,1448,23f4ed18b7f2cb19d34dda6e8da2244f6fe26996d05d74be02a581670df7b829
232,相对定位布局,网页与 UI,05-web-ui,CSS 流、定位与响应,css-layout,v2/images/05-web-ui/232-相对定位布局.png,v2/thumbnails/05-web-ui/232-相对定位布局.jpg,1086,1448,725c52f22f56bd483679a007654d69516b90abe4e46f2f0eafec7cf28b982c70
233,绝对定位布局,网页与 UI,05-web-ui,CSS 流、定位与响应,css-layout,v2/images/05-web-ui/233-绝对定位布局.png,v2/thumbnails/05-web-ui/233-绝对定位布局.jpg,1086,1448,7156ba70ad55fb87d136db050c6050e0b36ef577e49db0a8df48464cfb53f94b
234,固定定位布局,网页与 UI,05-web-ui,CSS 流、定位与响应,css-layout,v2/images/05-web-ui/234-固定定位布局.png,v2/thumbnails/05-web-ui/234-固定定位布局.jpg,1086,1448,650d256a98fb2a12abb2a93bd9b6ef338f4309fa1cac236640fd23e96a6c1769
235,粘性定位布局,网页与 UI,05-web-ui,CSS 流、定位与响应,css-layout,v2/images/05-web-ui/235-粘性定位布局.png,v2/thumbnails/05-web-ui/235-粘性定位布局.jpg,1086,1448,b259e598070a50e17b2f6f42a066d61d3390eded993d99c3360af66da60e54ea
236,瀑布流布局,网页与 UI,05-web-ui,CSS 流、定位与响应,css-layout,v2/images/05-web-ui/236-瀑布流布局.png,v2/thumbnails/05-web-ui/236-瀑布流布局.jpg,1086,1448,72c9d442c24e40e3ecdaae403086f4fb8c950e8a950e4228554af24b9861a48b
237,覆盖布局,网页与 UI,05-web-ui,CSS 流、定位与响应,css-layout,v2/images/05-web-ui/237-覆盖布局.png,v2/thumbnails/05-web-ui/237-覆盖布局.jpg,1086,1448,7fe07a84cdbacc2426ebdc7d64403884b75d486510925279b93a8367c0eb2147
238,固定宽度布局,网页与 UI,05-web-ui,CSS 流、定位与响应,css-layout,v2/images/05-web-ui/238-固定宽度布局.png,v2/thumbnails/05-web-ui/238-固定宽度布局.jpg,1086,1448,bf6069d025bd27a442c6b07e49d9f3cc030f8a9af7e5413029f6a66d3c2fb7b9
239,流体布局,网页与 UI,05-web-ui,CSS 流、定位与响应,css-layout,v2/images/05-web-ui/239-流体布局.png,v2/thumbnails/05-web-ui/239-流体布局.jpg,1086,1448,2913e3d166714e6287b0d2fefceb7b3ad8b0ad95ededd8334553eb2e0f894ebd
240,响应式布局,网页与 UI,05-web-ui,CSS 流、定位与响应,css-layout,v2/images/05-web-ui/240-响应式布局.png,v2/thumbnails/05-web-ui/240-响应式布局.jpg,1086,1448,85365762d57d1878b6fe3eadcf4e7861953b26ff038f1a622c51017c4d998a26
241,自适应布局,网页与 UI,05-web-ui,CSS 流、定位与响应,css-layout,v2/images/05-web-ui/241-自适应布局.png,v2/thumbnails/05-web-ui/241-自适应布局.jpg,1086,1448,449c2b85d4d0531072d20ff79774c54bd7250fdd1b5e8ead4e50e1ed70cd8be8
242,容器查询布局,网页与 UI,05-web-ui,CSS 流、定位与响应,css-layout,v2/images/05-web-ui/242-容器查询布局.png,v2/thumbnails/05-web-ui/242-容器查询布局.jpg,1086,1448,8a9b90b7e4db16309dc86f8ba24fb9fcffc95648c01a8bcfc4ec5833cea2c65c
243,堆栈,网页与 UI,05-web-ui,布局原语,layout-primitives,v2/images/05-web-ui/243-堆栈.png,v2/thumbnails/05-web-ui/243-堆栈.jpg,1086,1448,d3cc0e90bb61207fa00ed45a45eec808bf508db568c1044be2ab7c44a591ccbf
244,盒子,网页与 UI,05-web-ui,布局原语,layout-primitives,v2/images/05-web-ui/244-盒子.png,v2/thumbnails/05-web-ui/244-盒子.jpg,1086,1448,1d674114b34314bd92e615014bae0529f5e6ff74cc6dff93e7a2683b7df33407
245,居中器,网页与 UI,05-web-ui,布局原语,layout-primitives,v2/images/05-web-ui/245-居中器.png,v2/thumbnails/05-web-ui/245-居中器.jpg,1086,1448,39b632765c413a73f74ce69f494c5596303ef554c3d6838eec1c0e99769d851c
246,簇群,网页与 UI,05-web-ui,布局原语,layout-primitives,v2/images/05-web-ui/246-簇群.png,v2/thumbnails/05-web-ui/246-簇群.jpg,1086,1448,129800b2e85256c04474024cbe5eb47cc069165502fbbaa0a236fb83513190e4
247,侧栏原语,网页与 UI,05-web-ui,布局原语,layout-primitives,v2/images/05-web-ui/247-侧栏原语.png,v2/thumbnails/05-web-ui/247-侧栏原语.jpg,1086,1448,43dfeb64dc619de5011eb81190de65aa4ac2c6b176d4999f9cafb7d1c61093ee
248,切换器,网页与 UI,05-web-ui,布局原语,layout-primitives,v2/images/05-web-ui/248-切换器.png,v2/thumbnails/05-web-ui/248-切换器.jpg,1086,1448,e886af48608f45c692919fb05a44b35936d40b6c1341207943abd3d9dd3d5790
249,封面原语,网页与 UI,05-web-ui,布局原语,layout-primitives,v2/images/05-web-ui/249-封面原语.png,v2/thumbnails/05-web-ui/249-封面原语.jpg,1086,1448,6189f13416078c477bca57f772f5be3d7cd0b93e5af68af1a4c45a5d21f15ba7
250,自适应网格原语,网页与 UI,05-web-ui,布局原语,layout-primitives,v2/images/05-web-ui/250-自适应网格原语.png,v2/thumbnails/05-web-ui/250-自适应网格原语.jpg,1086,1448,184cc4cc1034ae6953967a59d7f31051238e545ce99c898e976e663e83931e67
251,比例框,网页与 UI,05-web-ui,布局原语,layout-primitives,v2/images/05-web-ui/251-比例框.png,v2/thumbnails/05-web-ui/251-比例框.jpg,1086,1448,2815c0158524bb9d6bbdbd7d0561fa3797c5e9727c224efb104571c5087a6ccd
252,横向卷轴,网页与 UI,05-web-ui,布局原语,layout-primitives,v2/images/05-web-ui/252-横向卷轴.png,v2/thumbnails/05-web-ui/252-横向卷轴.jpg,1086,1448,5d2b4316ad65fa7407161086089f5fcb15fa6c7294c03fd9698b04e30fc5e057
253,悬浮层,网页与 UI,05-web-ui,布局原语,layout-primitives,v2/images/05-web-ui/253-悬浮层.png,v2/thumbnails/05-web-ui/253-悬浮层.jpg,1086,1448,1fb9fa236fbed44ccf61e38ff67480d599f9fcf5bd168bb4fb8bc92bf02689d4
254,图标文字组合,网页与 UI,05-web-ui,布局原语,layout-primitives,v2/images/05-web-ui/254-图标文字组合.png,v2/thumbnails/05-web-ui/254-图标文字组合.jpg,1086,1448,13ff6e7e0c0e1633058d042a2c6f685aa7e02501c99a1d849da657c39bf75018
255,单列页面,网页与 UI,05-web-ui,页面框架与导航,page-navigation,v2/images/05-web-ui/255-单列页面.png,v2/thumbnails/05-web-ui/255-单列页面.jpg,1086,1448,ca83df8f4584a34ca79a775963351e46d16432c6223aa14f18f709030b460fe4
256,双列页面,网页与 UI,05-web-ui,页面框架与导航,page-navigation,v2/images/05-web-ui/256-双列页面.png,v2/thumbnails/05-web-ui/256-双列页面.jpg,1086,1448,dfbdf6b3878395c756046ffd07ecedc31aa4b9886e47289c01dbdf897a64b330
257,三列页面,网页与 UI,05-web-ui,页面框架与导航,page-navigation,v2/images/05-web-ui/257-三列页面.png,v2/thumbnails/05-web-ui/257-三列页面.jpg,1086,1448,7f9e4372c23dfc2b419ccd048c1ae875e664443bcc7e7532d0e8b17cc2b6621a
258,侧边栏页面,网页与 UI,05-web-ui,页面框架与导航,page-navigation,v2/images/05-web-ui/258-侧边栏页面.png,v2/thumbnails/05-web-ui/258-侧边栏页面.jpg,1086,1448,ec58f0de155ccf21a0c55bc688a514e7ea5fd7cae68e89b0fde46499f193f905
259,分屏布局,网页与 UI,05-web-ui,页面框架与导航,page-navigation,v2/images/05-web-ui/259-分屏布局.png,v2/thumbnails/05-web-ui/259-分屏布局.jpg,1086,1448,a4ef6f5aaf5fa4546c681ed54cb6f1f99e190af91dc9f5cf4ef2535f9adaafe3
260,圣杯布局,网页与 UI,05-web-ui,页面框架与导航,page-navigation,v2/images/05-web-ui/260-圣杯布局.png,v2/thumbnails/05-web-ui/260-圣杯布局.jpg,1086,1448,c80ce7b23418db3f0ce8b0600a4e57727ae2b2159c266834177d3f478e2da3d6
261,页眉—主体—页脚,网页与 UI,05-web-ui,页面框架与导航,page-navigation,v2/images/05-web-ui/261-页眉—主体—页脚.png,v2/thumbnails/05-web-ui/261-页眉—主体—页脚.jpg,1086,1448,e19d956254080978e5ecfe10741b287a5efc7524da0aafaeacaf56f4ac46dac7
262,顶部导航布局,网页与 UI,05-web-ui,页面框架与导航,page-navigation,v2/images/05-web-ui/262-顶部导航布局.png,v2/thumbnails/05-web-ui/262-顶部导航布局.jpg,1086,1448,56fab0e9d0882b8c904244d8739a75ecf5631e892b8515c3c94cdee0125ed050
263,导航抽屉布局,网页与 UI,05-web-ui,页面框架与导航,page-navigation,v2/images/05-web-ui/263-导航抽屉布局.png,v2/thumbnails/05-web-ui/263-导航抽屉布局.jpg,1086,1448,4d04d92b1214f82cf2a9cf423eba833411584afe8290b6d371bb528109e87a32
264,底部导航布局,网页与 UI,05-web-ui,页面框架与导航,page-navigation,v2/images/05-web-ui/264-底部导航布局.png,v2/thumbnails/05-web-ui/264-底部导航布局.jpg,1086,1448,063d61d2b13d2277e1b776ab6f343780bc93fea5f5e9b7fbbe446dc2fcbe21be
265,标签页布局,网页与 UI,05-web-ui,页面框架与导航,page-navigation,v2/images/05-web-ui/265-标签页布局.png,v2/thumbnails/05-web-ui/265-标签页布局.jpg,1086,1448,a87ede55939b467f1824647d6059fb6e78031103a7fdd767892b7341fa5555e4
266,手风琴布局,网页与 UI,05-web-ui,页面框架与导航,page-navigation,v2/images/05-web-ui/266-手风琴布局.png,v2/thumbnails/05-web-ui/266-手风琴布局.jpg,1086,1448,4c6ba8715674adeaf77f59050e853b25ab9d0470503d4936bc217b29e6dc924a
267,列表—详情布局,网页与 UI,05-web-ui,页面框架与导航,page-navigation,v2/images/05-web-ui/267-列表—详情布局.png,v2/thumbnails/05-web-ui/267-列表—详情布局.jpg,1086,1448,d2368911cab7805ddf9ad7c65338f6a6b79987a15254d24e9ddb4287cf98d52a
268,辅助窗格布局,网页与 UI,05-web-ui,页面框架与导航,page-navigation,v2/images/05-web-ui/268-辅助窗格布局.png,v2/thumbnails/05-web-ui/268-辅助窗格布局.jpg,1086,1448,e4167c5ae09bfc0fc91bc6cc27be29c5878d1e045ac238ca8b63a92c70801de9
269,信息流布局,网页与 UI,05-web-ui,内容与产品模式,product-patterns,v2/images/05-web-ui/269-信息流布局.png,v2/thumbnails/05-web-ui/269-信息流布局.jpg,1086,1448,f594b6fb2ebf379013ff5e5ca19fe18224c3dbbb09ba1e315dd8df218f0b04b9
270,卡片网格布局,网页与 UI,05-web-ui,内容与产品模式,product-patterns,v2/images/05-web-ui/270-卡片网格布局.png,v2/thumbnails/05-web-ui/270-卡片网格布局.jpg,1086,1448,85d1e368901206505e3dd9612c5d81fd3eb20ec262cf4a39016a94dac047a07f
271,瀑布流页面,网页与 UI,05-web-ui,内容与产品模式,product-patterns,v2/images/05-web-ui/271-瀑布流页面.png,v2/thumbnails/05-web-ui/271-瀑布流页面.jpg,1086,1448,b7bc459f85cc66831f91c8701a5afd0e5cdbc4e87d9fe016e61933ef95e63ebb
272,便当盒布局,网页与 UI,05-web-ui,内容与产品模式,product-patterns,v2/images/05-web-ui/272-便当盒布局.png,v2/thumbnails/05-web-ui/272-便当盒布局.jpg,1086,1448,de6f99ee79829620d292fc9495888703e752fa195b607be768a20a8f5a685fa3
273,仪表盘布局,网页与 UI,05-web-ui,内容与产品模式,product-patterns,v2/images/05-web-ui/273-仪表盘布局.png,v2/thumbnails/05-web-ui/273-仪表盘布局.jpg,1086,1448,688131e6683ea960c4dec8afb22bf049ea56806876dd13327b3df33a2b20c9da
274,数据表格布局,网页与 UI,05-web-ui,内容与产品模式,product-patterns,v2/images/05-web-ui/274-数据表格布局.png,v2/thumbnails/05-web-ui/274-数据表格布局.jpg,1086,1448,1768fc79e21ed1674f296d063315fedfd8d93f4a5f5ec64448d1608686cbc3ab
275,画廊布局,网页与 UI,05-web-ui,内容与产品模式,product-patterns,v2/images/05-web-ui/275-画廊布局.png,v2/thumbnails/05-web-ui/275-画廊布局.jpg,1086,1448,8d93b4b250874387b3f083289c524dcdf624f091a4d295b5398899f53d945a5a
276,轮播布局,网页与 UI,05-web-ui,内容与产品模式,product-patterns,v2/images/05-web-ui/276-轮播布局.png,v2/thumbnails/05-web-ui/276-轮播布局.jpg,1086,1448,c200fb41418a86ecaf7ed8a469343ed8043b0af0e1092caba9500eaecd0213ff
277,时间线布局,网页与 UI,05-web-ui,内容与产品模式,product-patterns,v2/images/05-web-ui/277-时间线布局.png,v2/thumbnails/05-web-ui/277-时间线布局.jpg,1086,1448,ba4d3917f09272d36b317e077dac0103a23b32dd7e61f0230d5e223e3af067f7
278,看板布局,网页与 UI,05-web-ui,内容与产品模式,product-patterns,v2/images/05-web-ui/278-看板布局.png,v2/thumbnails/05-web-ui/278-看板布局.jpg,1086,1448,0409c813f49fb7df87d2ecab97ca060d01b97c7f8210a3098f09ed6721a35168
279,日历布局,网页与 UI,05-web-ui,内容与产品模式,product-patterns,v2/images/05-web-ui/279-日历布局.png,v2/thumbnails/05-web-ui/279-日历布局.jpg,1086,1448,492375afed16839147fc5545bae8db1505b514baa965d990bf8d8b1e63738785
280,树形浏览布局,网页与 UI,05-web-ui,内容与产品模式,product-patterns,v2/images/05-web-ui/280-树形浏览布局.png,v2/thumbnails/05-web-ui/280-树形浏览布局.jpg,1086,1448,ad73329ae31f185fa56257a3152fe2d16e0774232cd0fbf7fb9f471b2a7c3847
281,对话布局,网页与 UI,05-web-ui,内容与产品模式,product-patterns,v2/images/05-web-ui/281-对话布局.png,v2/thumbnails/05-web-ui/281-对话布局.jpg,1086,1448,46143ee89f2fa9f28569d340309f6c0327ebbc75101b7d1c783b13f2fb798251
282,地图主导布局,网页与 UI,05-web-ui,内容与产品模式,product-patterns,v2/images/05-web-ui/282-地图主导布局.png,v2/thumbnails/05-web-ui/282-地图主导布局.jpg,1086,1448,a14ec806fadd7a52b0ec5f5bfac8ab80d73cdccb9fbcb99c67e71ce349f87ff0
283,画布工作区布局,网页与 UI,05-web-ui,内容与产品模式,product-patterns,v2/images/05-web-ui/283-画布工作区布局.png,v2/thumbnails/05-web-ui/283-画布工作区布局.jpg,1086,1448,ce9c9e7fc1dd8038987327e0b68189e0aff4a231e0875b5862f0c3618bc3494a
284,表单布局,网页与 UI,05-web-ui,内容与产品模式,product-patterns,v2/images/05-web-ui/284-表单布局.png,v2/thumbnails/05-web-ui/284-表单布局.jpg,1086,1448,d8f899ffa25fe7e5c77d812897b7a8a69e1ca3ceb19cdd0c8f994b28e69acd44
285,分步表单,网页与 UI,05-web-ui,内容与产品模式,product-patterns,v2/images/05-web-ui/285-分步表单.png,v2/thumbnails/05-web-ui/285-分步表单.jpg,1086,1448,6a118b6242bdd9b26a7f172abc42f5dde4429639d666f61189027deb5614fc6a
286,搜索结果布局,网页与 UI,05-web-ui,内容与产品模式,product-patterns,v2/images/05-web-ui/286-搜索结果布局.png,v2/thumbnails/05-web-ui/286-搜索结果布局.jpg,1086,1448,bfbae6e7329dc890b75f47787cb0eb371de27a225541ef153ab537e57963f883
287,设置页面布局,网页与 UI,05-web-ui,内容与产品模式,product-patterns,v2/images/05-web-ui/287-设置页面布局.png,v2/thumbnails/05-web-ui/287-设置页面布局.jpg,1086,1448,49be38e7ccff04700f66d9d2ce97115db3d8a85a15f31905046d08ec54c7c837
288,媒体对象布局,网页与 UI,05-web-ui,内容与产品模式,product-patterns,v2/images/05-web-ui/288-媒体对象布局.png,v2/thumbnails/05-web-ui/288-媒体对象布局.jpg,1086,1448,85d7d75a9f9ed67626741625953a9dadf2126b16efc36c0d30b66cfd06fac730
289,Hero 主视觉布局,网页与 UI,05-web-ui,内容与产品模式,product-patterns,v2/images/05-web-ui/289-Hero 主视觉布局.png,v2/thumbnails/05-web-ui/289-Hero 主视觉布局.jpg,1086,1448,5b9c0010ac29fc376d0e0c27f6105d1f2f8662f9c50ce723cf11a7975c2eeeb7
290,分层导航布局,网页与 UI,05-web-ui,内容与产品模式,product-patterns,v2/images/05-web-ui/290-分层导航布局.png,v2/thumbnails/05-web-ui/290-分层导航布局.jpg,1086,1448,bf10cd2861843e57690c4d97908b81589779aeda468ae5b0e7de2653975dbdf3
291,大体流动模式,网页与 UI,05-web-ui,响应式重排模式,responsive-patterns,v2/images/05-web-ui/291-大体流动模式.png,v2/thumbnails/05-web-ui/291-大体流动模式.jpg,1086,1448,ff48a9ff92fe2b8363dc6967d39d35ee5894ffbc08066938665b106cf6b28340
292,列下落模式,网页与 UI,05-web-ui,响应式重排模式,responsive-patterns,v2/images/05-web-ui/292-列下落模式.png,v2/thumbnails/05-web-ui/292-列下落模式.jpg,1086,1448,a7241e0697b2dffb4e3d01f5a1a488045dec7a6627e7d196b07961439f2ff102
293,布局切换模式,网页与 UI,05-web-ui,响应式重排模式,responsive-patterns,v2/images/05-web-ui/293-布局切换模式.png,v2/thumbnails/05-web-ui/293-布局切换模式.jpg,1086,1448,0807c2fc6ee9ba15c0baee1b211d1913ee89597d251f0827a7c6e840c018e8f5
294,微调模式,网页与 UI,05-web-ui,响应式重排模式,responsive-patterns,v2/images/05-web-ui/294-微调模式.png,v2/thumbnails/05-web-ui/294-微调模式.jpg,1086,1448,dbab0d7fe34361adc9833e067ac564d9addc450a4f7c9ab2729efc051199d3cd
295,画布外模式,网页与 UI,05-web-ui,响应式重排模式,responsive-patterns,v2/images/05-web-ui/295-画布外模式.png,v2/thumbnails/05-web-ui/295-画布外模式.jpg,1086,1448,2b7799f41f3adcb70ff463a72efa77237c678a919e7f7340768ba98089ce6168
296,堆叠重排,网页与 UI,05-web-ui,响应式重排模式,responsive-patterns,v2/images/05-web-ui/296-堆叠重排.png,v2/thumbnails/05-web-ui/296-堆叠重排.jpg,1086,1448,f2f87a6c76c3fb21611eae60fe17c4df1456b45b3e222d5cc482d0d693fc239e
297,顺序重排,网页与 UI,05-web-ui,响应式重排模式,responsive-patterns,v2/images/05-web-ui/297-顺序重排.png,v2/thumbnails/05-web-ui/297-顺序重排.jpg,1086,1448,298fb9ed5883477213c6d1d2ff58f3096745a6b05943076f337a64b18c73928a
298,折叠双窗格,网页与 UI,05-web-ui,响应式重排模式,responsive-patterns,v2/images/05-web-ui/298-折叠双窗格.png,v2/thumbnails/05-web-ui/298-折叠双窗格.jpg,1086,1448,131ebb410aac0ca671be9dd5ae7ebf4266c1ae9b640f225c1b4a27d7c11c47b4
299,自适应网格,网页与 UI,05-web-ui,响应式重排模式,responsive-patterns,v2/images/05-web-ui/299-自适应网格.png,v2/thumbnails/05-web-ui/299-自适应网格.jpg,1086,1448,3ac616650813fe41827e600ac73abe4f32ad506e7cfa8ac1d1bb669606b423d9
300,组件级响应布局,网页与 UI,05-web-ui,响应式重排模式,responsive-patterns,v2/images/05-web-ui/300-组件级响应布局.png,v2/thumbnails/05-web-ui/300-组件级响应布局.jpg,1086,1448,1deabd5555e86f7298fe87d54f753a9a40d3524d52cc3ecc4c0e663c33d08293
301,单人构图,影视画面构图,06-film-frame,人物数量与群像,subject-count,v2/images/06-film-frame/301-单人构图.png,v2/thumbnails/06-film-frame/301-单人构图.jpg,1086,1448,45d4ee9ed13b10d876f452a9f29e5243108304596061eb7c01107fb6bc9586a6
302,双人构图,影视画面构图,06-film-frame,人物数量与群像,subject-count,v2/images/06-film-frame/302-双人构图.png,v2/thumbnails/06-film-frame/302-双人构图.jpg,1086,1448,5b6e279b8415c35a8eaf8a817860cd26debff0c8b024b52311e6ec2fbc3f63ad
303,三人构图,影视画面构图,06-film-frame,人物数量与群像,subject-count,v2/images/06-film-frame/303-三人构图.png,v2/thumbnails/06-film-frame/303-三人构图.jpg,1086,1448,558664c427dca9787b50434af32e90f471576e57509dfcde4a4544ba158846a8
304,群像构图,影视画面构图,06-film-frame,人物数量与群像,subject-count,v2/images/06-film-frame/304-群像构图.png,v2/thumbnails/06-film-frame/304-群像构图.jpg,1086,1448,5194cea94bfd808311cd65edd39eabbe856a784863f7f51b8871f185077e0c25
305,过肩构图,影视画面构图,06-film-frame,视角与镜头覆盖,viewpoint-coverage,v2/images/06-film-frame/305-过肩构图.png,v2/thumbnails/06-film-frame/305-过肩构图.jpg,1086,1448,15ffc0f7336664c6b33290746053ee61acd74f16a826ee189f7a41d1f9d8e06a
306,主观视角构图,影视画面构图,06-film-frame,视角与镜头覆盖,viewpoint-coverage,v2/images/06-film-frame/306-主观视角构图.png,v2/thumbnails/06-film-frame/306-主观视角构图.jpg,1086,1448,a03abc26709ae54dbcb640e9f3e869ce2ac1b84b531048a7222ed14b518b4227
307,客观视角构图,影视画面构图,06-film-frame,视角与镜头覆盖,viewpoint-coverage,v2/images/06-film-frame/307-客观视角构图.png,v2/thumbnails/06-film-frame/307-客观视角构图.jpg,1086,1448,f67c653619a8c6ee3d4686af31ad3ff1c734d514cd083a076887ae5e6ee73f8c
308,净单人镜头,影视画面构图,06-film-frame,视角与镜头覆盖,viewpoint-coverage,v2/images/06-film-frame/308-净单人镜头.png,v2/thumbnails/06-film-frame/308-净单人镜头.jpg,1086,1448,9353c8e8626da2b8e6d88d6ac18093ce3316302dde101a83a89b1aba92e87d04
309,脏单人镜头,影视画面构图,06-film-frame,视角与镜头覆盖,viewpoint-coverage,v2/images/06-film-frame/309-脏单人镜头.png,v2/thumbnails/06-film-frame/309-脏单人镜头.jpg,1086,1448,ad2b506206e776753f0a91931cd1cd61ff50b919a4352315712fe774d63d1cf8
310,深度调度,影视画面构图,06-film-frame,场面调度与景深,blocking-depth,v2/images/06-film-frame/310-深度调度.png,v2/thumbnails/06-film-frame/310-深度调度.jpg,1086,1448,cff968b21862e922085d72e697c425be0c3e0c58285c93603293578da35ae810
311,平面调度,影视画面构图,06-film-frame,场面调度与景深,blocking-depth,v2/images/06-film-frame/311-平面调度.png,v2/thumbnails/06-film-frame/311-平面调度.jpg,1086,1448,c437c6420efeb7eaf58f7cba57e1e0f6d436b959a3e33fbf6f5547a8a6ab38c2
312,三角调度,影视画面构图,06-film-frame,场面调度与景深,blocking-depth,v2/images/06-film-frame/312-三角调度.png,v2/thumbnails/06-film-frame/312-三角调度.jpg,1086,1448,2d27a007aa7f0961e686a529054a7169ba4477b2d66678959178f74864d29cc8
313,横向调度,影视画面构图,06-film-frame,场面调度与景深,blocking-depth,v2/images/06-film-frame/313-横向调度.png,v2/thumbnails/06-film-frame/313-横向调度.jpg,1086,1448,77a643bf28359d3d5e9675bde3adc537cc3903d0e14dc70d8747c1235db9ed26
314,多层前景调度,影视画面构图,06-film-frame,场面调度与景深,blocking-depth,v2/images/06-film-frame/314-多层前景调度.png,v2/thumbnails/06-film-frame/314-多层前景调度.jpg,1086,1448,1050289519c2013dc43de265dff30563593054098726fb05b71beb0f5d98215b
315,高远法,中国传统构图,07-chinese-composition,三远、透视与游观,perspective-roaming,v2/images/07-chinese-composition/315-高远法.png,v2/thumbnails/07-chinese-composition/315-高远法.jpg,1086,1448,388c79ecf4b46db1c70f5071391d6530626cf4dc1d91e8413fab2f5e66cd89e9
316,深远法,中国传统构图,07-chinese-composition,三远、透视与游观,perspective-roaming,v2/images/07-chinese-composition/316-深远法.png,v2/thumbnails/07-chinese-composition/316-深远法.jpg,1086,1448,3a15a520e9c7d70bee2e213566e08c3317ed86882edd844e6c814a27d5d3a97f
317,平远法,中国传统构图,07-chinese-composition,三远、透视与游观,perspective-roaming,v2/images/07-chinese-composition/317-平远法.png,v2/thumbnails/07-chinese-composition/317-平远法.jpg,1086,1448,527e06561e873affd5faa423b65b8d0dc663d9ac2b430f05f78eb2688a275d1c
318,三远综合构图,中国传统构图,07-chinese-composition,三远、透视与游观,perspective-roaming,v2/images/07-chinese-composition/318-三远综合构图.png,v2/thumbnails/07-chinese-composition/318-三远综合构图.jpg,1086,1448,ece0f105aad5147fa0cbff42ed79b17bb3f99ba26aa0f706f1bb907d69b74de2
319,散点透视,中国传统构图,07-chinese-composition,三远、透视与游观,perspective-roaming,v2/images/07-chinese-composition/319-散点透视.png,v2/thumbnails/07-chinese-composition/319-散点透视.jpg,1086,1448,5eab0d63dd0bd97e7063c4f6ae1a35f0fcdf97cd9719e63264355a0a6000c2fe
320,游观式构图,中国传统构图,07-chinese-composition,三远、透视与游观,perspective-roaming,v2/images/07-chinese-composition/320-游观式构图.png,v2/thumbnails/07-chinese-composition/320-游观式构图.jpg,1086,1448,cf8ea0d9356d8f77eb9ddc6e42e86a472cf61d2d050bc4ec8f1381225328f52b
321,全景式构图,中国传统构图,07-chinese-composition,取景与景式,scene-framing,v2/images/07-chinese-composition/321-全景式构图.png,v2/thumbnails/07-chinese-composition/321-全景式构图.jpg,1086,1448,408911eeae412592f58c24c942af7616d6cafb164d7e2ea0f34677be043f9c2c
322,一河两岸式,中国传统构图,07-chinese-composition,取景与景式,scene-framing,v2/images/07-chinese-composition/322-一河两岸式.png,v2/thumbnails/07-chinese-composition/322-一河两岸式.jpg,1086,1448,c908f799d601d5a14053d0d92e0e426d7a0efc6e420aaa579e84cd5243690a94
323,边角式构图,中国传统构图,07-chinese-composition,取景与景式,scene-framing,v2/images/07-chinese-composition/323-边角式构图.png,v2/thumbnails/07-chinese-composition/323-边角式构图.jpg,1086,1448,dfde5088fa304a275e5927301d3d9a39a063e6ba503183d9932b6409e8e430ad
324,截景式构图,中国传统构图,07-chinese-composition,取景与景式,scene-framing,v2/images/07-chinese-composition/324-截景式构图.png,v2/thumbnails/07-chinese-composition/324-截景式构图.jpg,1086,1448,2cb7001cdbd980750c423639ebce4f15ca2ef9e21ca1f395fee3f73d294ba7fc
325,折枝式构图,中国传统构图,07-chinese-composition,取景与景式,scene-framing,v2/images/07-chinese-composition/325-折枝式构图.png,v2/thumbnails/07-chinese-composition/325-折枝式构图.jpg,1086,1448,f740cdc1cffe0908a82885b8bfb562f0224ebb452acaccb08e67ebe3d179bbf8
326,留白构图,中国传统构图,07-chinese-composition,留白、虚实与章法,blank-rhythm,v2/images/07-chinese-composition/326-留白构图.png,v2/thumbnails/07-chinese-composition/326-留白构图.jpg,1086,1448,72bb51ff2194c2a7e7836c4fbfcaf8c97211fbe74667d6876ee37f1e6c40b6ac
327,计白当黑构图,中国传统构图,07-chinese-composition,留白、虚实与章法,blank-rhythm,v2/images/07-chinese-composition/327-计白当黑构图.png,v2/thumbnails/07-chinese-composition/327-计白当黑构图.jpg,1086,1448,46bcf9c6155cf3586b3cd777fe672ac8313c6d205f493a0f87c7d378333a4e4e
328,虚实相生构图,中国传统构图,07-chinese-composition,留白、虚实与章法,blank-rhythm,v2/images/07-chinese-composition/328-虚实相生构图.png,v2/thumbnails/07-chinese-composition/328-虚实相生构图.jpg,1086,1448,79fa485218705569d0c180060d5bdd34e38c23a11b6784f36e1e769eb954e7e8
329,疏密相间构图,中国传统构图,07-chinese-composition,留白、虚实与章法,blank-rhythm,v2/images/07-chinese-composition/329-疏密相间构图.png,v2/thumbnails/07-chinese-composition/329-疏密相间构图.jpg,1086,1448,68fce3235c6d2c8a6bde0dc9bbe9e2e0d47f2e17be48e5a177a7bf65d6efd0fe
330,主宾关系构图,中国传统构图,07-chinese-composition,留白、虚实与章法,blank-rhythm,v2/images/07-chinese-composition/330-主宾关系构图.png,v2/thumbnails/07-chinese-composition/330-主宾关系构图.jpg,1086,1448,cf9f924e240ccb2d2e54a4aaf8bd7a600412549f9bd602232675238f0a784830
331,开合构图,中国传统构图,07-chinese-composition,留白、虚实与章法,blank-rhythm,v2/images/07-chinese-composition/331-开合构图.png,v2/thumbnails/07-chinese-composition/331-开合构图.jpg,1086,1448,c8cc322c26b5ffc84b3c060f37a9396f90811293deb94d5fdf0333ce8ab110f2
332,起承转合构图,中国传统构图,07-chinese-composition,留白、虚实与章法,blank-rhythm,v2/images/07-chinese-composition/332-起承转合构图.png,v2/thumbnails/07-chinese-composition/332-起承转合构图.jpg,1086,1448,4dfe08bed4a102987709f7ed646fb1e0ec36ed792bb2c3d3de37509dc867172c
333,藏露关系构图,中国传统构图,07-chinese-composition,留白、虚实与章法,blank-rhythm,v2/images/07-chinese-composition/333-藏露关系构图.png,v2/thumbnails/07-chinese-composition/333-藏露关系构图.jpg,1086,1448,835b4a6e721997ab4e99a77c87509fd1bd271db542b2b7645305c8b2e7a95a20
334,欹正关系构图,中国传统构图,07-chinese-composition,留白、虚实与章法,blank-rhythm,v2/images/07-chinese-composition/334-欹正关系构图.png,v2/thumbnails/07-chinese-composition/334-欹正关系构图.jpg,1086,1448,5bce5c5e75d36a7db66ae569d7533e7c0f0b19b2d26d69454002d09b5df6c312
335,标题幻灯片幻灯片版式,演示文稿页面,08-presentation,基础幻灯片,core-slides,v2/images/08-presentation/335-标题幻灯片幻灯片版式.png,v2/thumbnails/08-presentation/335-标题幻灯片幻灯片版式.jpg,1086,1448,3f0e706ffafdd057d3884d09b649d592987858aac3588b80c61ceac1efcb8934
336,标题和内容幻灯片版式,演示文稿页面,08-presentation,基础幻灯片,core-slides,v2/images/08-presentation/336-标题和内容幻灯片版式.png,v2/thumbnails/08-presentation/336-标题和内容幻灯片版式.jpg,1086,1448,a48de7d170dadc8dd3a2ecd3900813c73cdefed76fd3dd9815464a56e11568f1
337,节标题幻灯片版式,演示文稿页面,08-presentation,基础幻灯片,core-slides,v2/images/08-presentation/337-节标题幻灯片版式.png,v2/thumbnails/08-presentation/337-节标题幻灯片版式.jpg,1086,1448,4e7ddd25f5ea7fa0bc8a3736121232f5d54697ad3c723d8573b5cbdc4636e739
338,两项内容幻灯片版式,演示文稿页面,08-presentation,基础幻灯片,core-slides,v2/images/08-presentation/338-两项内容幻灯片版式.png,v2/thumbnails/08-presentation/338-两项内容幻灯片版式.jpg,1086,1448,1e14904e8a38151c31c535308f189a15546da98acf78a6c16f776d2e66fa6605
339,比较幻灯片版式,演示文稿页面,08-presentation,基础幻灯片,core-slides,v2/images/08-presentation/339-比较幻灯片版式.png,v2/thumbnails/08-presentation/339-比较幻灯片版式.jpg,1086,1448,2e1d5e29e7414a7cb9acef94e499ffa62f84541094c4979a9392b0e6151583a8
340,仅标题幻灯片版式,演示文稿页面,08-presentation,基础幻灯片,core-slides,v2/images/08-presentation/340-仅标题幻灯片版式.png,v2/thumbnails/08-presentation/340-仅标题幻灯片版式.jpg,1086,1448,1bbb2c50d59b9df80cb1853a9126bcd207de2063baea0d0dbd5d7fcb69218cfd
341,空白幻灯片版式,演示文稿页面,08-presentation,基础幻灯片,core-slides,v2/images/08-presentation/341-空白幻灯片版式.png,v2/thumbnails/08-presentation/341-空白幻灯片版式.jpg,1086,1448,c298281645d99d50873d8306c6306cfb5e72aa991e7a5dec10917220a6481ba1
342,内容与标题说明幻灯片版式,演示文稿页面,08-presentation,基础幻灯片,core-slides,v2/images/08-presentation/342-内容与标题说明幻灯片版式.png,v2/thumbnails/08-presentation/342-内容与标题说明幻灯片版式.jpg,1086,1448,de8ea48a3b0e583007681859140367ac02bf34e62563cd12603ee2ae134d8067
343,图片与标题说明幻灯片版式,演示文稿页面,08-presentation,基础幻灯片,core-slides,v2/images/08-presentation/343-图片与标题说明幻灯片版式.png,v2/thumbnails/08-presentation/343-图片与标题说明幻灯片版式.jpg,1086,1448,fc5d1affe7b66ab21a83c6cba293b10d667571482d8f36b12d901723bf9cd0bc
344,大数字页幻灯片版式,演示文稿页面,08-presentation,叙事与数据页面,story-data-slides,v2/images/08-presentation/344-大数字页幻灯片版式.png,v2/thumbnails/08-presentation/344-大数字页幻灯片版式.jpg,1086,1448,17e1540ac51229a8c5683ba569b89aff88b6f05c4e0066e36fc9acce22f8aa2f
345,引语页幻灯片版式,演示文稿页面,08-presentation,叙事与数据页面,story-data-slides,v2/images/08-presentation/345-引语页幻灯片版式.png,v2/thumbnails/08-presentation/345-引语页幻灯片版式.jpg,1086,1448,29d844ba3fa884f23f7694f2ea159853388bb3ecbb34c049af7561ae05d5175d
346,时间线页幻灯片版式,演示文稿页面,08-presentation,叙事与数据页面,story-data-slides,v2/images/08-presentation/346-时间线页幻灯片版式.png,v2/thumbnails/08-presentation/346-时间线页幻灯片版式.jpg,1086,1448,f55d233ef14985390c55624f4ea2c36d6796f0982f46b69fc960b30258d97384
347,流程页幻灯片版式,演示文稿页面,08-presentation,叙事与数据页面,story-data-slides,v2/images/08-presentation/347-流程页幻灯片版式.png,v2/thumbnails/08-presentation/347-流程页幻灯片版式.jpg,1086,1448,dea6fa05fbd3e04bcc1e32e76f972de7c8e11c4a23a90735f795ca216638983d
348,矩阵页幻灯片版式,演示文稿页面,08-presentation,叙事与数据页面,story-data-slides,v2/images/08-presentation/348-矩阵页幻灯片版式.png,v2/thumbnails/08-presentation/348-矩阵页幻灯片版式.jpg,1086,1448,effe26fe770364d964c5a32bcab0af4d03c3d0c0e5c6b21760d4a1695d9a051c
349,数据图表页幻灯片版式,演示文稿页面,08-presentation,叙事与数据页面,story-data-slides,v2/images/08-presentation/349-数据图表页幻灯片版式.png,v2/thumbnails/08-presentation/349-数据图表页幻灯片版式.jpg,1086,1448,acbc058c3522b3328f7b2001edcd5d2e19331263745492ddb178654eca0c7245
350,全图页幻灯片版式,演示文稿页面,08-presentation,叙事与数据页面,story-data-slides,v2/images/08-presentation/350-全图页幻灯片版式.png,v2/thumbnails/08-presentation/350-全图页幻灯片版式.jpg,1086,1448,c8ad7f6a7841181c7ba41f645d5f3b9b59d231135e7da9ea20571c1315aab8fc
